,,,,,,,,,,,,,,,,,,,
,,,,,,,,Общая сумма счетов,Общая сумма оплат счетов,Остаток,,,,,,,,,
,,,,,,,,0,0,0,,,,,,,,,
,№ п/п,Компания,Бренд,№ счета,Дата счета,Период размещения,Количество конструкций,Сумма счета,Оплата,Ссылка,Вид документооборота,№ договора,№ приложения,Статус подписания приложения,Статус подписания УПД,,,,
,1.0, Введите номер счета,Введите номер счета,,#N/A,0,,0,#N/A,Введите номер счета,Введите номер счета,#N/A,,FALSE,FALSE,,#N/A,#N/A,#REF!
,2.0, Введите номер счета,Введите номер счета,,#N/A,0,,0,#N/A,Введите номер счета,Введите номер счета,#N/A,,FALSE,FALSE,,#N/A,#N/A,#REF!
,3.0, Введите номер счета,Введите номер счета,,#N/A,0,,0,#N/A,Введите номер счета,Введите номер счета,#N/A,,FALSE,FALSE,,#N/A,#N/A,#REF!
,4.0, Введите номер счета,Введите номер счета,,#N/A,0,,0,#N/A,Введите номер счета,Введите номер счета,#N/A,,FALSE,FALSE,,#N/A,#N/A,#REF!
,5.0, Введите номер счета,Введите номер счета,,#N/A,0,,0,#N/A,Введите номер счета,Введите номер счета,#N/A,,FALSE,FALSE,,#N/A,#N/A,#REF!
,6.0, Введите номер счета,Введите номер счета,,#N/A,0,,0,#N/A,Введите номер счета,Введите номер счета,#N/A,,FALSE,FALSE,,#N/A,#N/A,#REF!
,7.0, Введите номер счета,Введите номер счета,,#N/A,0,,0,#N/A,Введите номер счета,Введите номер счета,#N/A,,FALSE,FALSE,,#N/A,#N/A,#REF!
,8.0, Введите номер счета,Введите номер счета,,#N/A,0,,0,#N/A,Введите номер счета,Введите номер счета,#N/A,,FALSE,FALSE,,#N/A,#N/A,#REF!
,9.0, Введите номер счета,Введите номер счета,,#N/A,0,,0,#N/A,Введите номер счета,Введите номер счета,#N/A,,FALSE,FALSE,,#N/A,#N/A,#REF!
,10.0, Введите номер счета,Введите номер счета,,#N/A,0,,0,#N/A,Введите номер счета,Введите номер счета,#N/A,,FALSE,FALSE,,#N/A,#N/A,#REF!
,11.0, Введите номер счета,Введите номер счета,,#N/A,0,,0,#N/A,Введите номер счета,Введите номер счета,#N/A,,FALSE,FALSE,,#N/A,#N/A,#REF!
,12.0, Введите номер счета,Введите номер счета,,#N/A,0,,0,#N/A,Введите номер счета,Введите номер счета,#N/A,,FALSE,FALSE,,#N/A,#N/A,#REF!
,13.0, Введите номер счета,Введите номер счета,,#N/A,0,,0,#N/A,Введите номер счета,Введите номер счета,#N/A,,FALSE,FALSE,,#N/A,#N/A,#REF!
,14.0, Введите номер счета,Введите номер счета,,#N/A,0,,0,#N/A,Введите номер счета,Введите номер счета,#N/A,,FALSE,FALSE,,#N/A,#N/A,#REF!
,15.0, Введите номер счета,Введите номер счета,,#N/A,0,,0,#N/A,Введите номер счета,Введите номер счета,#N/A,,FALSE,FALSE,,#N/A,#N/A,#REF!
,16.0, Введите номер счета,Введите номер счета,,#N/A,0,,0,#N/A,Введите номер счета,Введите номер счета,#N/A,,FALSE,FALSE,,#N/A,#N/A,#REF!
,17.0, Введите номер счета,Введите номер счета,,#N/A,0,,0,#N/A,Введите номер счета,Введите номер счета,#N/A,,FALSE,FALSE,,#N/A,#N/A,#REF!
,18.0, Введите номер счета,Введите номер счета,,#N/A,0,,0,#N/A,Введите номер счета,Введите номер счета,#N/A,,FALSE,FALSE,,#N/A,#N/A,#REF!
,19.0, Введите номер счета,Введите номер счета,,#N/A,0,,0,#N/A,Введите номер счета,Введите номер счета,#N/A,,FALSE,FALSE,,#N/A,#N/A,#REF!
,20.0, Введите номер счета,Введите номер счета,,#N/A,0,,0,#N/A,Введите номер счета,Введите номер счета,#N/A,,FALSE,FALSE,,#N/A,#N/A,#REF!
,21.0, Введите номер счета,Введите номер счета,,#N/A,0,,0,#N/A,Введите номер счета,Введите номер счета,#N/A,,FALSE,FALSE,,#N/A,#N/A,#REF!
,22.0, Введите номер счета,Введите номер счета,,#N/A,0,,0,#N/A,Введите номер счета,Введите номер счета,#N/A,,FALSE,FALSE,,#N/A,#N/A,#REF!
,23.0, Введите номер счета,Введите номер счета,,#N/A,0,,0,#N/A,Введите номер счета,Введите номер счета,#N/A,,FALSE,FALSE,,#N/A,#N/A,#REF!
,24.0, Введите номер счета,Введите номер счета,,#N/A,0,,0,#N/A,Введите номер счета,Введите номер счета,#N/A,,FALSE,FALSE,,#N/A,#N/A,#REF!
,25.0, Введите номер счета,Введите номер счета,,#N/A,0,,0,#N/A,Введите номер счета,Введите номер счета,#N/A,,FALSE,FALSE,,#N/A,#N/A,#REF!
,26.0, Введите номер счета,Введите номер счета,,#N/A,0,,0,#N/A,Введите номер счета,Введите номер счета,#N/A,,FALSE,FALSE,,#N/A,#N/A,#REF!
,27.0, Введите номер счета,Введите номер счета,,#N/A,0,,0,#N/A,Введите номер счета,Введите номер счета,#N/A,,FALSE,FALSE,,#N/A,#N/A,#REF!
,28.0, Введите номер счета,Введите номер счета,,#N/A,0,,0,#N/A,Введите номер счета,Введите номер счета,#N/A,,FALSE,FALSE,,#N/A,#N/A,#REF!
,29.0, Введите номер счета,Введите номер счета,,#N/A,0,,0,#N/A,Введите номер счета,Введите номер счета,#N/A,,FALSE,FALSE,,#N/A,#N/A,#REF!
,30.0, Введите номер счета,Введите номер счета,,#N/A,0,,0,#N/A,Введите номер счета,Введите номер счета,#N/A,,FALSE,FALSE,,#N/A,#N/A,#REF!
,31.0, Введите номер счета,Введите номер счета,,#N/A,0,,0,#N/A,Введите номер счета,Введите номер счета,#N/A,,FALSE,FALSE,,#N/A,#N/A,#REF!
,32.0, Введите номер счета,Введите номер счета,,#N/A,0,,0,#N/A,Введите номер счета,Введите номер счета,#N/A,,FALSE,FALSE,,#N/A,#N/A,#REF!
,33.0, Введите номер счета,Введите номер счета,,#N/A,0,,0,#N/A,Введите номер счета,Введите номер счета,#N/A,,FALSE,FALSE,,#N/A,#N/A,#REF!
,34.0, Введите номер счета,Введите номер счета,,#N/A,0,,0,#N/A,Введите номер счета,Введите номер счета,#N/A,,FALSE,FALSE,,#N/A,#N/A,#REF!
,35.0, Введите номер счета,Введите номер счета,,#N/A,0,,0,#N/A,Введите номер счета,Введите номер счета,#N/A,,FALSE,FALSE,,#N/A,#N/A,#REF!
,36.0, Введите номер счета,Введите номер счета,,#N/A,0,,0,#N/A,Введите номер счета,Введите номер счета,#N/A,,FALSE,FALSE,,#N/A,#N/A,#REF!
,37.0, Введите номер счета,Введите номер счета,,#N/A,0,,0,#N/A,Введите номер счета,Введите номер счета,#N/A,,FALSE,FALSE,,#N/A,#N/A,#REF!
,38.0, Введите номер счета,Введите номер счета,,#N/A,0,,0,#N/A,Введите номер счета,Введите номер счета,#N/A,,FALSE,FALSE,,#N/A,#N/A,#REF!
,39.0, Введите номер счета,Введите номер счета,,#N/A,0,,0,#N/A,Введите номер счета,Введите номер счета,#N/A,,FALSE,FALSE,,#N/A,#N/A,#REF!
,40.0, Введите номер счета,Введите номер счета,,#N/A,0,,0,#N/A,Введите номер счета,Введите номер счета,#N/A,,FALSE,FALSE,,#N/A,#N/A,#REF!
,41.0, Введите номер счета,Введите номер счета,,#N/A,0,,0,#N/A,Введите номер счета,Введите номер счета,#N/A,,FALSE,FALSE,,#N/A,#N/A,#REF!
,42.0, Введите номер счета,Введите номер счета,,#N/A,0,,0,#N/A,Введите номер счета,Введите номер счета,#N/A,,FALSE,FALSE,,#N/A,#N/A,#REF!
,43.0, Введите номер счета,Введите номер счета,,#N/A,0,,0,#N/A,Введите номер счета,Введите номер счета,#N/A,,FALSE,FALSE,,#N/A,#N/A,#REF!
,44.0, Введите номер счета,Введите номер счета,,#N/A,0,,0,#N/A,Введите номер счета,Введите номер счета,#N/A,,FALSE,FALSE,,#N/A,#N/A,#REF!
,45.0, Введите номер счета,Введите номер счета,,#N/A,0,,0,#N/A,Введите номер счета,Введите номер счета,#N/A,,FALSE,FALSE,,#N/A,#N/A,#REF!
,46.0, Введите номер счета,Введите номер счета,,#N/A,0,,0,#N/A,Введите номер счета,Введите номер счета,#N/A,,FALSE,FALSE,,#N/A,#N/A,#REF!
,47.0, Введите номер счета,Введите номер счета,,#N/A,0,,0,#N/A,Введите номер счета,Введите номер счета,#N/A,,FALSE,FALSE,,#N/A,#N/A,#REF!
,48.0, Введите номер счета,Введите номер счета,,#N/A,0,,0,#N/A,Введите номер счета,Введите номер счета,#N/A,,FALSE,FALSE,,#N/A,#N/A,#REF!
,49.0, Введите номер счета,Введите номер счета,,#N/A,0,,0,#N/A,Введите номер счета,Введите номер счета,#N/A,,FALSE,FALSE,,#N/A,#N/A,#REF!
,50.0, Введите номер счета,Введите номер счета,,#N/A,0,,0,#N/A,Введите номер счета,Введите номер счета,#N/A,,FALSE,FALSE,,#N/A,#N/A,#REF!
