txt_article,txt_barcode,txt_name,ms_id,ms_article,ms_name,ms_barcode,match_method,action,reason
103,OZN2062192717,"Пистолет для полива на шланг, садовый с распылителем / 8 режимов / 1/2",48586feb-6744-11f1-0a80-10fa006956d5,103,"Пистолет для полива на шланг, садовый с распылителем / 8 режимов / 1/2",OZN2062192717,by_article,SKIP_ALREADY_OK,
104,2051395644582,Щетка УШМ 65мм латунная (желтая),49d8cb0a-6744-11f1-0a80-082c006999f3,104,Щетка УШМ 65мм латунная (желтая),2051395644582,by_article,SKIP_ALREADY_OK,
105,2051430184097,Щетка УШМ 65мм стальная,4bcf5b20-6744-11f1-0a80-10fa006956f3,105,Щетка УШМ 65мм стальная,2051430184097,by_article,SKIP_ALREADY_OK,
106,2051191380806,Миксер строительный насадка для шуруповерта / дрели 80х400 Для перемешивания смесей и красок,4e44b594-6744-11f1-0a80-1efd00690c44,106,Миксер строительный насадка для шуруповерта / дрели 80х400 Для перемешивания смесей и красок,2051191380806,by_article,SKIP_ALREADY_OK,
107,OZN2062385952,"Штуцерный адаптер 1/2 латунный с переходником, быстросъемный",512f67f3-6744-11f1-0a80-1f270068cea6,107,"Штуцерный адаптер 1/2 латунный с переходником, быстросъемный",OZN2062385952,by_article,SKIP_ALREADY_OK,
108,OZN2062608890,"Колодка для удлинителя каучуковая 3 розетки / 16А / уличная, силовая с заземлением",35efbec4-6748-11f1-0a80-10fa0069fa4b,108,"Колодка для удлинителя каучуковая 3 розетки / 16А / уличная, силовая с заземлением",OZN2062608890,by_article,SKIP_ALREADY_OK,
109,OZN2062456292,Коннектор для шланга 3/4 быстросъемный 3шт. Прорезиненный,41b3ed48-6748-11f1-0a80-16d90068c6b2,109,Коннектор для шланга 3/4 быстросъемный 3шт. Прорезиненный,OZN2062456292,by_article,SKIP_ALREADY_OK,
110,OZN2062493643,Коннектор для шланга 1/2 быстросъемный 3шт. Прорезиненный,43aa228d-6748-11f1-0a80-10fa0069fbeb,110,Коннектор для шланга 1/2 быстросъемный 3шт. Прорезиненный,OZN2062493643,by_article,SKIP_ALREADY_OK,
111,OZN2062511755,Муфта для шланга 1/2 соединительная 3 шт. Прорезиненная,4f53659c-6748-11f1-0a80-0725006961d4,111,Муфта для шланга 1/2 соединительная 3 шт. Прорезиненная,OZN2062511755,by_article,SKIP_ALREADY_OK,
112,2051431413127,Вилка каучуковая,53a93d7e-6748-11f1-0a80-1efd0069c2f1,112,Вилка каучуковая,2051431413127,by_article,SKIP_ALREADY_OK,
113,OZN2269139400,Замша для автомобиля 43х32см City'Up ULTRA,55f6cb61-6748-11f1-0a80-07250069625f,113,Замша для автомобиля 43х32см City'Up ULTRA,OZN2269139400,by_article,SKIP_ALREADY_OK,
114,2051190790224,Коса складная ручная для травы и кустарников 40см,57fe9b60-6748-11f1-0a80-0bcf006b74b2,114,Коса складная ручная для травы и кустарников 40см,2051190790224,by_article,SKIP_ALREADY_OK,
115,OZN2269067864,Губка шлифовальная,63075eeb-6748-11f1-0a80-01b50069a8d9,115,Губка шлифовальная,OZN2269067864,by_article,SKIP_ALREADY_OK,
116,2051431684510,"Миксер строительный, насадка для перфоратора 80х400 Для перемешивания смесей и красок",70559fcb-6748-11f1-0a80-072500696507,116,"Миксер строительный, насадка для перфоратора 80х400 Для перемешивания смесей и красок",2051431684510,by_article,SKIP_ALREADY_OK,
117,OZN2383313903,Замша автомобильная большая,7268ccc3-6748-11f1-0a80-1d57006a015b,117,Замша автомобильная большая,,by_article,ADD_BARCODE,
118,2051431839309,"Удлинитель для валиков телескопический 1,5М",7439d6e0-6748-11f1-0a80-1934006a34d0,118,Удлинитель для валиков телескопический,2051431839309,by_article,SKIP_ALREADY_OK,
120,OZN2383691405,Диск лепесковый торцевой P100,31c41765-6746-11f1-0a80-10fa00699686,120,Диск лепесковый торцевой P100,,by_article,ADD_BARCODE,
121,OZN2383505447,Диск лепесковый торцевой P80,47b1a0ef-6746-11f1-0a80-1123006a3125,121,Диск лепесковый торцевой P80,,by_article,ADD_BARCODE,
122,OZN2383585739,Диск лепесковый торцевой P60,4a6726b1-6746-11f1-0a80-10fa0069981e,122,Диск лепесковый торцевой P60,,by_article,ADD_BARCODE,
123,OZN2383565033,Диск лепесковый торцевой P40,60c4339f-6746-11f1-0a80-16d900685191,123,Диск лепесковый торцевой P40,,by_article,ADD_BARCODE,
119,2051432010554,Ключ для болгарки,76f02cb3-6748-11f1-0a80-1f27006965c6,119,Ключ для болгарки,2051432010554,by_article,SKIP_ALREADY_OK,
124,2051396787431,Набор перьев по дереву,798b7809-6748-11f1-0a80-1934006a350b,124,Набор перьев по дереву,2051396787431,by_article,SKIP_ALREADY_OK,
126,OZN2383798161,Респиратор,7bd40ddc-6748-11f1-0a80-01b50069b7e6,126,Респиратор,,by_article,ADD_BARCODE,
125,OZN2383699211,Краги желтые,93e8d0b6-6748-11f1-0a80-10fa006a09ce,125,Краги желтые,,by_article,ADD_BARCODE,
208,2051242479480,"Колодка для удлинителя каучуковая 3 розетки / 16А / уличная, силовая с заземлением",95f75ae0-6748-11f1-0a80-01b50069bcb4,208,"Колодка для удлинителя каучуковая 3 розетки / 16А / уличная, силовая с заземлением",2051242479480,by_article,SKIP_ALREADY_OK,
127,OZN2490560228,"Набор губок шлифовальных 5 шт, зернистость 60,120(2шт), 150, 220",98451cd6-6748-11f1-0a80-10fa006a0a15,127,"Набор губок шлифовальных 5 шт, зернистость 60,120(2шт), 150, 220",,by_article,ADD_BARCODE,
128,OZN2532329441,Краги красные,9aad0ef3-6748-11f1-0a80-05c60069c03a,128,Краги красные,,by_article,ADD_BARCODE,
129,OZN2583450272,Колодка 4 гнезда,9ddb8d87-6748-11f1-0a80-01b50069be5e,129,Колодка 4 гнезда,,by_article,ADD_BARCODE,
130,OZN2583451443,Замок 45 мм короткий,a0b7dea2-6748-11f1-0a80-05c60069c6b2,130,Замок 45 мм короткий,,by_article,ADD_BARCODE,
131,OZN2583451953,Замок 55 мм короткий,a3902bbd-6748-11f1-0a80-1934006a431d,131,Замок 55 мм короткий,,by_article,ADD_BARCODE,
132,OZN2583453479,Замок 55 мм длинный,a58f78dc-6748-11f1-0a80-1d57006a092f,132,Замок 55 мм длинный,,by_article,ADD_BARCODE,
134,2051242291365,Масса 500Вт,b11c1311-6748-11f1-0a80-1934006a47c4,134,Масса 500Вт,2051242291365,by_article,SKIP_ALREADY_OK,
135,OZN2583464068,Редуктор газовый,b483f950-6748-11f1-0a80-05c60069c9ae,135,Редуктор газовый,,by_article,ADD_BARCODE,
225,2051188758120,"Краги сварщика, летние, кожанные / перчатки для сварки, спилковые",b7a693a4-6748-11f1-0a80-1efd0069cf8a,225,"Краги сварщика, летние, кожанные / перчатки для сварки, спилковые",2051188758120,by_article,SKIP_ALREADY_OK,
136,OZN2704994165,Краги коричневые,d6d47c2e-6748-11f1-0a80-082c006a48c8,136,Краги коричневые,,by_article,ADD_BARCODE,
137,2051190829535,"Замок навесной, уличный 45 мм, всепогодный, удлиненный, для дверей / калитки / ворот",d8b641e8-6748-11f1-0a80-1123006ab1da,137,"Замок навесной, уличный 45 мм, всепогодный, удлиненный, для дверей / калитки / ворот",2051190829535,by_article,SKIP_ALREADY_OK,
139,2051978082954,Сетка образивная Р120,db1b8977-6748-11f1-0a80-05c60069cca3,139,Сетка образивная Р120,2051978082954,by_article,SKIP_ALREADY_OK,
138,2051978205650,Сетка образивная Р220ММРМРМО,e7fb9520-6748-11f1-0a80-1934006a4acf,138,Сетка образивная Р220ММРМРМО,2051978205650,by_article,SKIP_ALREADY_OK,
140,2051190619006,Жилет тонкий желтый,f310628c-6748-11f1-0a80-05c60069cf09,140,Жилет тонкий желтый,2051190619006,by_article,SKIP_ALREADY_OK,
141,2051190726421,Жилет тонкий оранжевый,ff0b7a8f-6748-11f1-0a80-0bcf006b879f,141,Жилет тонкий оранжевый,2051190726421,by_article,SKIP_ALREADY_OK,
142,OZN2825111278,Жилет плотный желтый,011dae0d-6749-11f1-0a80-07250069707f,142,Жилет плотный желтый,,by_article,ADD_BARCODE,
143,OZN2825111270,Жилет плотный оранжевый,0419f7be-6749-11f1-0a80-10fa006a1245,143,Жилет плотный оранжевый,,by_article,ADD_BARCODE,
144,2051396328290,Сигнальная лента 5 см,05a7e43e-6749-11f1-0a80-0099006acd46,144,Сигнальная лента 5 см,2051396328290,by_article,SKIP_ALREADY_OK,
145,2051855015266,"Отбивочный шнур, синий",0760a633-6749-11f1-0a80-1934006a4d56,145,"Отбивочный шнур, синий",2051855015266,by_article,SKIP_ALREADY_OK,
146,OZN2825112100,Диск по бетону,1448ea9c-6749-11f1-0a80-16d90068df39,146,Диск по бетону,,by_article,ADD_BARCODE,
147,OZN2825193861,Щетка УШМ 65мм желтая 1шт,2a1a61e2-6749-11f1-0a80-0d6f0069d0af,147,Щетка УШМ 65мм желтая 1шт,,by_article,ADD_BARCODE,
148,OZN2825195324,Щетка УШМ 65мм черная 1 шт,2c0c31b8-6749-11f1-0a80-072500697382,148,Щетка УШМ 65мм черная 1 шт,,by_article,ADD_BARCODE,
149,2051242787875,Масса для сварки 300А,2f0aa56f-6749-11f1-0a80-10fa006a13d1,149,Масса для сварки 300А,2051242787875,by_article,SKIP_ALREADY_OK,
150,OZN2928927350,Диск лепестковый торцевой P120,31971740-6749-11f1-0a80-1f2700697401,150,Диск лепестковый торцевой P120,,by_article,ADD_BARCODE,
151,OZN3025743197,"Отбивочный шнур, красный",34b4f452-6749-11f1-0a80-0d6f0069d10e,151,"Отбивочный шнур, красный",,by_article,ADD_BARCODE,
152,OZN3025738705,Сетка образивная Р320,368fcf2b-6749-11f1-0a80-0d6f0069d138,152,Сетка образивная Р320,,by_article,ADD_BARCODE,
153,2051190381064,Сигнальная лента 7 см,41d1a381-6749-11f1-0a80-082c006a50b3,153,Сигнальная лента 7 см,2051190381064,by_article,SKIP_ALREADY_OK,
154,2051856613317,Карабин 6мм,43e116b9-6749-11f1-0a80-082c006a50c8,154,Карабин 6мм,2051856613317,by_article,SKIP_ALREADY_OK,
155,2051855783592,Хомут с барашком,464c31d9-6749-11f1-0a80-0bcf006b8b49,155,Хомут с барашком,2051855783592,by_article,SKIP_ALREADY_OK,
156,2051395817849,Шпатель 100м прорезиненный,53fed4f8-6749-11f1-0a80-01b50069d010,156,Шпатель 100м прорезиненный,2051395817849,by_article,SKIP_ALREADY_OK,
157,OZN3089563814,Скребок черный,57024fc3-6749-11f1-0a80-16d90068e2de,157,Скребок черный,,by_article,ADD_BARCODE,
158,OZN3089576131,Терка строительная,5aafec6f-6749-11f1-0a80-1efd0069d9b1,158,Терка строительная,,by_article,ADD_BARCODE,
160,OZN3089607935,Шестигранник 8 предметов,60976957-6749-11f1-0a80-1d57006a16aa,160,Шестигранник 8 предметов,,by_article,ADD_BARCODE,
161,OZN3089620124,Каска строительная желтая,6bf4aa71-6749-11f1-0a80-1f2700697e4e,161,Каска строительная желтая,,by_article,ADD_BARCODE,
162,2051978370563,Личинка хром 70,6e133175-6749-11f1-0a80-072500697b02,162,Личинка хром 70,2051978370563,by_article,SKIP_ALREADY_OK,
163,OZN3089652015,"Диск по дереву, цепной 125мм",707f2fd4-6749-11f1-0a80-1123006ac154,163,"Диск по дереву, цепной 125мм",,by_article,ADD_BARCODE,
164,OZN3089670038,Коралловый диск оранжевый на ушм 125мм,72488b84-6749-11f1-0a80-082c006a567b,164,Коралловый диск оранжевый на ушм 125мм,,by_article,ADD_BARCODE,
165,2051856082946,Сигнальный карсет желтый,7486175d-6749-11f1-0a80-1efd0069deb6,165,Сигнальный карсет желтый,2051856082946,by_article,SKIP_ALREADY_OK,
166,OZN3104266260,Сигнальный карсет оранжевый,80797ea1-6749-11f1-0a80-16d90068ec9f,166,Сигнальный карсет оранжевый,,by_article,ADD_BARCODE,
167,OZN3092528192,"Наждак, рулон 400",827f1161-6749-11f1-0a80-05c60069dcd3,167,"Наждак, рулон 400",,by_article,ADD_BARCODE,
168,OZN3092290461,"Наждак, рулон 360",84cc3b2a-6749-11f1-0a80-1efd0069e206,168,"Наждак, рулон 360",,by_article,ADD_BARCODE,
169,OZN3092305526,"Наждак, рулон 150",8647f67c-6749-11f1-0a80-1bab0069f35b,169,"Наждак, рулон 150",,by_article,ADD_BARCODE,
170,OZN3092376644,"Наждак, рулон 120",88166e71-6749-11f1-0a80-1d57006a2a4c,170,"Наждак, рулон 120",,by_article,ADD_BARCODE,
171,OZN3092527945,"Наждак, рулон 320",943c2398-6749-11f1-0a80-10fa006a314a,171,"Наждак, рулон 320",,by_article,ADD_BARCODE,
172,2051432521692,Наушники строительные желтые,9ffdbbc9-6749-11f1-0a80-1123006acbcd,172,Наушники строительные желтые,2051432521692,by_article,SKIP_ALREADY_OK,
173,OZN3092610024,Краги серые,ab4529d6-6749-11f1-0a80-1f27006995b7,173,Краги серые,,by_article,ADD_BARCODE,
174,OZN3092664795,Камбез для малярных работ белый,ad682bb8-6749-11f1-0a80-0bcf006ba2df,174,Камбез для малярных работ белый,,by_article,ADD_BARCODE,
175,OZN3131632659,Мышеловка клеевая 3 шт.,b8db4959-6749-11f1-0a80-1934006a719e,175,Мышеловка клеевая 3 шт.,,by_article,ADD_BARCODE,
176,OZN3153486863,"Набор шпателей 350мм, 100мм, 40мм и перчатки",ba5cb1b8-6749-11f1-0a80-1f2700699f38,176,"Набор шпателей 350мм, 100мм, 40мм и перчатки",,by_article,ADD_BARCODE,
177,OZN3153920067,Замок навесной прорезиненный,bc0c7ce9-6749-11f1-0a80-05c60069ecc9,177,Замок навесной прорезиненный,,by_article,ADD_BARCODE,
178,2051856368323,Личинка хром 80 без барашка,bdb70767-6749-11f1-0a80-072500699739,178,Личинка хром 80 без барашка,2051856368323,by_article,SKIP_ALREADY_OK,
179,2051977853159,Личинка хром 80 с барашком,c074ad90-6749-11f1-0a80-0bcf006bace5,179,Личинка хром 80 с барашком,2051977853159,by_article,SKIP_ALREADY_OK,
180,OZN3219326626,Каска оранжевая,ccc4fb47-6749-11f1-0a80-0d6f0069e6c8,180,Каска оранжевая,,by_article,ADD_BARCODE,
181,OZN3219577580,Колодка серая,ce4e11b6-6749-11f1-0a80-16d90068f568,181,Колодка серая,,by_article,ADD_BARCODE,
182,OZN3219557334,Светоотражающая лента на одежду для детей / 2 шт. / фликеры на липучке нарукавные,d02e3d20-6749-11f1-0a80-1d57006a34ca,182,Светоотражающая лента на одежду для детей / 2 шт. / фликеры на липучке нарукавные,,by_article,ADD_BARCODE,
183,2051242715045,Стеклорез,d1e55675-6749-11f1-0a80-1123006ad8c8,183,Стеклорез,2051242715045,by_article,SKIP_ALREADY_OK,
184,2051854731457,Терка строительная черная,d369026f-6749-11f1-0a80-1934006a733d,184,Терка строительная черная,2051854731457,by_article,SKIP_ALREADY_OK,
185,OZN3260678326,Диск лепесковый торцевой P36,de7cd37e-6749-11f1-0a80-0099006b051c,185,Диск лепесковый торцевой P36,,by_article,ADD_BARCODE,
186,2051978814081,Наушники красные,e019c927-6749-11f1-0a80-0099006b0534,186,Наушники красные,2051978814081,by_article,SKIP_ALREADY_OK,
187,2051191268449,Цилиндровый механизм 70мм с вертушкой,e2718881-6749-11f1-0a80-01b50069ed42,187,Цилиндровый механизм 70мм с вертушкой,2051191268449,by_article,SKIP_ALREADY_OK,
188,OZN3543955044,Вилка электрическая для удлинителя каучуковая 1шт / 16А / влагозащищенная,e4639978-6749-11f1-0a80-0bcf006bb8a9,188,Вилка электрическая для удлинителя каучуковая 1шт / 16А / влагозащищенная,,by_article,ADD_BARCODE,
189,OZN3548059224,Цилиндровый механизм 60мм без вертушки / хром,e77b0491-6749-11f1-0a80-01b50069eda5,189,Цилиндровый механизм 60мм без вертушки / хром,,by_article,ADD_BARCODE,
190,OZN3548046583,Цилиндровый механизм 70мм с вертушкой / золотой,eb233798-6749-11f1-0a80-10fa006a479a,190,Цилиндровый механизм 70мм с вертушкой / золотой,,by_article,ADD_BARCODE,
191,OZN3548110971,"Вилка прямая каучуковая, 1шт.",ed000172-6749-11f1-0a80-07250069a416,191,"Вилка прямая каучуковая, 1шт.",,by_article,ADD_BARCODE,
192,OZN3548110081,"Вилка прямая каучуковая, 2шт.",ef70c48c-6749-11f1-0a80-1d57006a37f8,192,"Вилка прямая каучуковая, 2шт.",,by_article,ADD_BARCODE,
193,OZN3724499981,"Вилка электрическая угловая, каучуковая 2 шт. / 16А / влагозащищенная",f15ef032-6749-11f1-0a80-07250069a450,193,"Вилка электрическая угловая, каучуковая 2 шт. / 16А / влагозащищенная",,by_article,ADD_BARCODE,
194,2052662149335,"Миксер строительный, насадка для перфоратора / 60х400",07e89077-674a-11f1-0a80-0d6f0069f389,194,"Миксер строительный, насадка для перфоратора / 60х400",,by_article,ADD_BARCODE,
195,2052111693624,Телескопическая ручка для валика 2 м / удлинитель для валика,14010fc4-674a-11f1-0a80-10fa006a4a36,195,Телескопическая ручка для валика 2 м / удлинитель для валика,2052111693624,by_article,SKIP_ALREADY_OK,
A501,OZN3634997273,Леска для триммера 3мм*15м / сечение витой квадрат композит,16ecc0e3-674a-11f1-0a80-1934006a7f9c,A501,Леска для триммера 3мм*15м / сечение витой квадрат композит,,by_article,ADD_BARCODE,
A502,OZN3634978747,Леска для триммера зеленая 3мм*15м / сечение звездочка,194472d0-674a-11f1-0a80-0bcf006bc533,A502,Леска для триммера зеленая 3мм*15м / сечение звездочка,,by_article,ADD_BARCODE,
A503,OZN3635011585,Леска для триммера нейлоновая цветная 3мм*15м / витой квадрат,1bf69700-674a-11f1-0a80-0bcf006bc5e4,A503,Леска для триммера нейлоновая цветная 3мм*15м / витой квадрат,,by_article,ADD_BARCODE,
A504,2051190271945,Навес (Петля дверная) Бабочка Хром,1e90957a-674a-11f1-0a80-10fa006a5056,A504,Навес (Петля дверная) Бабочка Хром,2051190271945,by_article,SKIP_ALREADY_OK,
A505,2052018573678,Щеколда желтая,2047b3f0-674a-11f1-0a80-16d90068fe77,A505,Щеколда желтая,2052018573678,by_article,SKIP_ALREADY_OK,
A506,2052018337195,Щеколда коричневая,2268d65e-674a-11f1-0a80-16d90068fea5,A506,Щеколда коричневая,2052018337195,by_article,SKIP_ALREADY_OK,
A507,2052017857762,Скребок,2473d006-674a-11f1-0a80-0099006b0afd,A507,Скребок,2052017857762,by_article,SKIP_ALREADY_OK,
A508,2052112464315,"Опорная тарелка с липучкой 100x25мм, 2 шт.",25fcab28-674a-11f1-0a80-01b50069f539,A508,"Опорная тарелка с липучкой 100x25мм, 2 шт.",2052112464315,by_article,SKIP_ALREADY_OK,
10029,2045514481073,"Набор инструментов слесарно-монтажный 46 предметов GripOn, для автомобиля, с трещоткой и съемными головками, шестигранниками, отвертками",7c531519-674a-11f1-0a80-01b50069ff69,00029,"Набор инструментов слесарно-монтажный 46 предметов GripOn, для автомобиля, с трещоткой и съемными головками, шестигранниками, отвертками",,by_article_variant,FIX_ARTICLE_BC,variant 00029
10031,2048699326467,"Рассухариватель клапанов GripOn, универсальный струбцинный 10 предметов 16-30мм, с упорным винтом и втулками",8978784b-674a-11f1-0a80-1123006aee81,00031,"Рассухариватель клапанов GripOn, универсальный струбцинный 10 предметов 16-30мм, с упорным винтом и втулками",,by_article_variant,FIX_ARTICLE_BC,variant 00031
10032,2048772849357,"Cъемники обшивки салона автомобиля GripOn, набор инструментов для панели, 38 предметов, лопатки, съемники клипс",8b3eb613-674a-11f1-0a80-0bcf006bcf35,00032,"Cъемники обшивки салона автомобиля GripOn, набор инструментов для панели, 38 предметов, лопатки, съемники клипс",,by_article_variant,FIX_ARTICLE_BC,variant 00032
10036,OZN1634861108,"Ударные головки торцевые набор, 35 предметов GripOn",8ed06086-674a-11f1-0a80-082c006a7449,00036,"Ударные головки торцевые набор, 35 предметов GripOn",,by_article_variant,FIX_ARTICLE_BC,variant 00036
10037,OZN1634869040,"Съемник цанговый для внутренних подшипников GripOn, 9 предметов (молоток обратный с цангами диаметр 8-30мм) набор инструментов, универсальный",9ac9d879-674a-11f1-0a80-10fa006a6037,00037,"Съемник цанговый для внутренних подшипников GripOn, 9 предметов (молоток обратный с цангами диаметр 8-30мм) набор инструментов, универсальный",,by_article_variant,FIX_ARTICLE_BC,variant 00037
10038,2050520946393,"Набор для развальцовки тормозных трубок 4.8 - 15.19 мм, 10 предметов GripOn",9e4b423d-674a-11f1-0a80-1123006aef43,00038,"Набор для развальцовки тормозных трубок 4.8 - 15.19 мм, 10 предметов GripOn",,by_article_variant,FIX_ARTICLE_BC,variant 00038
10040,OZN1658254608,"Набор гайковерт ручной механический GripOn в противоударном кейсе, мясорубка 1:68 с головками 32-33 мм, автомобильная для грузовых авто",a0c947a3-674a-11f1-0a80-1d57006a4770,00040,"Набор гайковерт ручной механический GripOn в противоударном кейсе, мясорубка 1:68 с головками 32-33 мм, автомобильная для грузовых авто",,by_article_variant,FIX_ARTICLE_BC,variant 00040
10041,2050520003751,"Гайковерт пневматический ударный GripOn, со штуцером 1/2"" в кейсе с 8 головками 650 Нм, грузовой, с маслом",a2b5a2cc-674a-11f1-0a80-1bab006a2273,00041,"Гайковерт пневматический ударный GripOn, со штуцером 1/2"" в кейсе с 8 головками 650 Нм, грузовой, с маслом",,by_article_variant,FIX_ARTICLE_BC,variant 00041
10042,OZN1658290323,"Обратный молоток для внутренних и внешних подшипников GripOn, съемник 3-х лапый с обратным молотком для кузовных и рихтовочных работ",a4994e2e-674a-11f1-0a80-1f270069b3bd,00042,"Обратный молоток для внутренних и внешних подшипников GripOn, съемник 3-х лапый с обратным молотком для кузовных и рихтовочных работ",,by_article_variant,FIX_ARTICLE_BC,variant 00042
10061,2045504546515,"Трещотка GripOn флажковая, 24 зубца, 150 мм, 1/4"", ""Эконом"", для торцевых головок",c6155b62-674a-11f1-0a80-0d6f006a1074,00061,"Трещотка GripOn флажковая, 24 зубца, 150 мм, 1/4"", ""Эконом"", для торцевых головок",,by_article_variant,FIX_ARTICLE_BC,variant 00061
10062,2048774007731,"Трещотка GripOn флажковая, 24 зубца, 200 мм, 3/8"", для торцевых головок",c7a3940a-674a-11f1-0a80-082c006a7fe4,00062,"Трещотка GripOn флажковая, 24 зубца, 200 мм, 3/8"", для торцевых головок",,by_article_variant,FIX_ARTICLE_BC,variant 00062
10063,2050460745438,"Набор ударных отверток 7 штук, GripOn, усиленные, + -",d382de7e-674a-11f1-0a80-1efd006a1ca2,00063,"Набор ударных отверток 7 штук, GripOn, усиленные, + -",,by_article_variant,FIX_ARTICLE_BC,variant 00063
10076,2046244498638,"Трещотка GripOn флажковая, 24 зубца, 250 мм, 1/2"", для торцевых головок",3a05363b-674b-11f1-0a80-0099006b3c14,00076,"Трещотка GripOn флажковая, 24 зубца, 250 мм, 1/2"", для торцевых головок",,by_article_variant,FIX_ARTICLE_BC,variant 00076
10077,2045652021452,"Плоскогубцы / пассатижи усиленные GripOn 160 мм, 2 зоны захвата для работы с плоскими и круглыми предметами",4527c818-674b-11f1-0a80-05c6006a29da,00077,"Плоскогубцы / пассатижи усиленные GripOn 160 мм, 2 зоны захвата для работы с плоскими и круглыми предметами",,by_article_variant,FIX_ARTICLE_BC,variant 00077
10078,2050454826792,"Отвертки экстракторы для шин, 5 шт, GripOn, для монтажа ниппеля, ключ для золотника, для снятия и установки",50655b33-674b-11f1-0a80-10fa006a8cec,00078,"Отвертки экстракторы для шин, 5 шт, GripOn, для монтажа ниппеля, ключ для золотника, для снятия и установки",,by_article_variant,FIX_ARTICLE_BC,variant 00078
10079,2050454611312,"Ключ гаечный комбинированный CrV, 19 мм GripOn, накидной, рожковый",52e01245-674b-11f1-0a80-1f270069cae9,00079,"Ключ гаечный комбинированный CrV, 19 мм GripOn, накидной, рожковый",,by_article_variant,FIX_ARTICLE_BC,variant 00079
10080,2050454368537,"Ключ гаечный комбинированный CrV, 12 мм GripOn, накидной, рожковый",5462a6f1-674b-11f1-0a80-0099006b3e0b,00080,"Ключ гаечный комбинированный CrV, 12 мм GripOn, накидной, рожковый",,by_article_variant,FIX_ARTICLE_BC,variant 00080
10081,2050454102889,"Удлинитель для трещоток, воротков и головок 250 мм CrV, 1/2"", GripOn",57a0bced-674b-11f1-0a80-01b5006a25a7,00081,"Удлинитель для трещоток, воротков и головок 250 мм CrV, 1/2"", GripOn",,by_article_variant,FIX_ARTICLE_BC,variant 00081
10082,2050453972865,"Удлинитель для трещоток, воротков и головок 125 мм CrV, 1/2"", GripOn, серия ""Эконом""",62c58e06-674b-11f1-0a80-05c6006a2d5e,00082,"Удлинитель для трещоток, воротков и головок 125 мм CrV, 1/2"", GripOn, серия ""Эконом""",,by_article_variant,FIX_ARTICLE_BC,variant 00082
10084,OZN1846706756,"Рулетка строительная 5 м GripOn, с резиновым покрытием, 2й класс точности",7a573d68-674b-11f1-0a80-1934006acfe6,00084,"Рулетка строительная 5 м GripOn, с резиновым покрытием, 2й класс точности",,by_article_variant,FIX_ARTICLE_BC,variant 00084
10086,2046247327669,"Киянка резиновая GripOn, с бойком весом 350 г, белая, серии ""Эконом"", устойчивая к деформациям",88d977b0-674b-11f1-0a80-082c006a9ff6,00086,"Киянка резиновая GripOn, с бойком весом 350 г, белая, серии ""Эконом"", устойчивая к деформациям",,by_article_variant,FIX_ARTICLE_BC,variant 00086
10087,2045515528555,"Молоток строительный GripOn, слесарный, 300 грамм, с деревянной ручкой",8b4ec787-674b-11f1-0a80-1efd006a3aa3,00087,"Молоток строительный GripOn, слесарный, 300 грамм, с деревянной ручкой",,by_article_variant,FIX_ARTICLE_BC,variant 00087
10093,2048774794938,"Молоток строительный GripOn, слесарный, 500 грамм, с деревянной ручкой",ac6c8729-674b-11f1-0a80-0bcf006bf567,00093,"Молоток строительный GripOn, слесарный, 500 грамм, с деревянной ручкой",,by_article_variant,FIX_ARTICLE_BC,variant 00093
10097,2045504606332,"Колодка штепсельная GripOn с крышкой, каучуковая, влагозащищенная герметичная на 2 розетки, 16А",be6c6a06-674b-11f1-0a80-1934006ad7a5,00097,"Колодка штепсельная GripOn с крышкой, каучуковая, влагозащищенная герметичная на 2 розетки, 16А",,by_article_variant,FIX_ARTICLE_BC,variant 00097
10101,2048775260357,"Труборез GripOn, для пластиковых и металлопластиковых труб, 16-42 мм",c493634d-674b-11f1-0a80-082c006aaecb,00101,"Труборез GripOn, для пластиковых и металлопластиковых труб, 16-42 мм",,by_article_variant,FIX_ARTICLE_BC,variant 00101
10102,2049990147942,Набор бит,c6544308-674b-11f1-0a80-0d6f006a3cf9,00102,Набор бит,,by_article_variant,FIX_ARTICLE_BC,variant 00102
10103,2045515311645,"Надфили, набор универсальный из 10 штук GripOn, из закаленной стали, по металлу, 4-140",c8bb2a8d-674b-11f1-0a80-0d6f006a3f96,00103,"Надфили, набор универсальный из 10 штук GripOn, из закаленной стали, по металлу, 4-140",,by_article_variant,FIX_ARTICLE_BC,variant 00103
10104,2048775732960,"Сверла по дереву GripOn, набор 8 шт, 3-10 мм, цилиндрический хвостовик",dde31994-674b-11f1-0a80-1934006aec03,00104,"Сверла по дереву GripOn, набор 8 шт, 3-10 мм, цилиндрический хвостовик",,by_article_variant,FIX_ARTICLE_BC,variant 00104
10114,2052694952170,"Щупы для регулировки клапанов GripOn, 14 листов, в чехле, веерный измерительный для автомобилей",0a5f6bc7-674c-11f1-0a80-01b5006a54e1,00114,"Щупы для регулировки клапанов GripOn, 14 листов, в чехле, веерный измерительный для автомобилей",,by_article_variant,FIX_ARTICLE_BC,variant 00114
10121,2048774490090,"Рулетка строительная GripOn, 20 м х 13 мм, фиберглассовая, ABS пластик",474ca054-674c-11f1-0a80-0d6f006a6495,00121,"Рулетка строительная GripOn, 20 м х 13 мм, фиберглассовая, ABS пластик",,by_article_variant,FIX_ARTICLE_BC,variant 00121
10122,2045653230433,"Щетка чашечная GripOn, 125 мм, металлическая, для УШМ, корщетка с гайкой витая жесткая",490c3f0d-674c-11f1-0a80-082c006ade96,00122,"Щетка чашечная GripOn, 125 мм, металлическая, для УШМ, корщетка с гайкой витая жесткая",,by_article_variant,FIX_ARTICLE_BC,variant 00122
10124,2045516372348,"Ножницы для стрижки овец GripOn, красный, ручные, для с/х животных",4e1b65fc-674c-11f1-0a80-1efd006a7b60,00124,"Ножницы для стрижки овец GripOn, красный, ручные, для с/х животных",,by_article_variant,FIX_ARTICLE_BC,variant 00124
10128,2045654821883,"Столярная стамеска GripOn, ударная, 20 мм, по дереву, плоская CrV, синяя",576a49b8-674c-11f1-0a80-16d900697c8d,00128,"Столярная стамеска GripOn, ударная, 20 мм, по дереву, плоская CrV, синяя",,by_article_variant,FIX_ARTICLE_BC,variant 00128
10131,2045657912670,"Крюк для вязки арматуры GripOn, вязальный, 210 мм, для закручивания проволоки",723df985-674c-11f1-0a80-01b5006a6c2d,00131,"Крюк для вязки арматуры GripOn, вязальный, 210 мм, для закручивания проволоки",,by_article_variant,FIX_ARTICLE_BC,variant 00131
10139,2048776738169,"Ножовка садовая GripOn, по дереву, ручная 40 см, изогнутая пила",b09b6076-674c-11f1-0a80-1efd006a87fb,00139,"Ножовка садовая GripOn, по дереву, ручная 40 см, изогнутая пила",,by_article_variant,FIX_ARTICLE_BC,variant 00139
10140,2049990468702,"Совок садовый GripOn, 32 см, противоскользящая рукоять, лопатка посадочная металлическая",b2f014ff-674c-11f1-0a80-16d9006985f5,00140,"Совок садовый GripOn, 32 см, противоскользящая рукоять, лопатка посадочная металлическая",,by_article_variant,FIX_ARTICLE_BC,variant 00140
10142,2049585826276,"Ковш штукатурный GripOn, строительный 270х160 мм, с крюком",b65862af-674c-11f1-0a80-0d6f006a8c83,00142,"Ковш штукатурный GripOn, строительный 270х160 мм, с крюком",,by_article_variant,FIX_ARTICLE_BC,variant 00142
10143,2049987313251,"Кисть малярная GripOn, 150 х 50 макловица, светлая щетина",b87eab2b-674c-11f1-0a80-01b5006a7e25,00143,"Кисть малярная GripOn, 150 х 50 макловица, светлая щетина",,by_article_variant,FIX_ARTICLE_BC,variant 00143
10146,2045659881912,"Трос сантехнический GripOn, для прочистки труб, 3 метра, от засоров, стальной металлический трос 3 м",bea24d6a-674c-11f1-0a80-0bcf006c477d,00146,"Трос сантехнический GripOn, для прочистки труб, 3 метра, от засоров, стальной металлический трос 3 м",,by_article_variant,FIX_ARTICLE_BC,variant 00146
10151,2045504906838,"Кисть малярная GripOn, 180 х 50 макловица, светлая щетина",cc6f7ed1-674c-11f1-0a80-1934006b3271,00151,"Кисть малярная GripOn, 180 х 50 макловица, светлая щетина",,by_article_variant,FIX_ARTICLE_BC,variant 00151
10154,2048796650717,"Стусло с ножовкой 300 мм GripOn, для резки деталей до 65 мм под углом 45 /90 /135",ef5adf66-674c-11f1-0a80-10fa006b0096,00154,"Стусло с ножовкой 300 мм GripOn, для резки деталей до 65 мм под углом 45 /90 /135",,by_article_variant,FIX_ARTICLE_BC,variant 00154
10155,2045661304515,"Надфили, набор универсальный из 6 штук GripOn, из закаленной стали, по металлу, 4-160",f0c869dd-674c-11f1-0a80-1bab006a9d56,00155,"Надфили, набор универсальный из 6 штук GripOn, из закаленной стали, по металлу, 4-160",,by_article_variant,FIX_ARTICLE_BC,variant 00155
10158,2048776770077,"Ножовка по металлу GripOn, 300 мм, ручная, двухкомпонентная рукоятка",f41b2201-674c-11f1-0a80-0d6f006a9507,00158,"Ножовка по металлу GripOn, 300 мм, ручная, двухкомпонентная рукоятка",,by_article_variant,FIX_ARTICLE_BC,variant 00158
10162,2045515341390,"Надфили, набор универсальный из 10 штук GripOn, из закаленной стали, по металлу",fc4f61f8-674c-11f1-0a80-1f27006a355f,00162,"Надфили, набор универсальный из 10 штук GripOn, из закаленной стали, по металлу",,by_article_variant,FIX_ARTICLE_BC,variant 00162
10168,2048776285380,"Набор сверл перьевых GripOn, 6 штук, 10-25мм, по дереву",1b15c6ec-674d-11f1-0a80-16d900699021,00168,"Набор сверл перьевых GripOn, 6 штук, 10-25мм, по дереву",,by_article_variant,FIX_ARTICLE_BC,variant 00168
10169,2048776838616,"Ножовка по дереву GripOn, 350 мм пила ручная, мелкий зуб с трехгранной заточкой, прорезиненная",1ddfc928-674d-11f1-0a80-05c6006a9483,00169,"Ножовка по дереву GripOn, 350 мм пила ручная, мелкий зуб с трехгранной заточкой, прорезиненная",,by_article_variant,FIX_ARTICLE_BC,variant 00169
10170,2048797189629,"Набор кистей малярных GripOn, 5 шт, деревянные, 25 мм - 75 мм, натуральные (25,38,50,63,75)",1fd5d693-674d-11f1-0a80-16d9006990e9,00170,"Набор кистей малярных GripOn, 5 шт, деревянные, 25 мм - 75 мм, натуральные",,by_article_variant,FIX_ARTICLE_BC,variant 00170
10171,2050271406429,"Набор кистей малярных GripOn, 3 штуки, деревянные, 25 мм - 50 мм, натуральные ( 25, 38, 50)",,,,,,ERROR_NO_MATCH,ERROR_NO_MATCH
10173,2045662319112,"Ключ для снятия масляного фильтра GripOn, 300 мм, цепной, усиленная углеродистая сталь, съемник",25c2c0ab-674d-11f1-0a80-0099006bb683,00173,"Ключ для снятия масляного фильтра GripOn, 300 мм, цепной, усиленная углеродистая сталь, съемник",,by_article_variant,FIX_ARTICLE_BC,variant 00173
10174,2045662999956,"Трещотка GripOn флажковая, 24 зубца, 150 мм, 1/4"", ""Эконом"", для торцевых головок, красная",27436ddf-674d-11f1-0a80-1123006baff3,00174,"Трещотка GripOn флажковая, 24 зубца, 150 мм, 1/4"", ""Эконом"", для торцевых головок, красная",,by_article_variant,FIX_ARTICLE_BC,variant 00174
10175,2046247291755,"Манометр автомобильный GripOn, для шин / колес, с круглой шкалой, 7.5 атм",28d32366-674d-11f1-0a80-05c6006a95eb,00175,"Манометр автомобильный GripOn, для шин / колес, с круглой шкалой, 7.5 атм",,by_article_variant,FIX_ARTICLE_BC,variant 00175
10180,2048797098952,"Кисть малярная GripOn, 180 х 50 макловица, светлая щетина, деревянная ручка",3c3def68-674d-11f1-0a80-05c6006a96c7,00180,"Кисть малярная GripOn, 180 х 50 макловица, светлая щетина, деревянная ручка",,by_article_variant,FIX_ARTICLE_BC,variant 00180
10181,2045664412583,"Вакуумная присоска 120х120 мм, GripOn, стеклодомкрат , для переноски стекла и плитки, до 40 кг",3e995336-674d-11f1-0a80-1934006b421c,00181,"Вакуумная присоска 120х120 мм, GripOn, стеклодомкрат , для переноски стекла и плитки, до 40 кг",,by_article_variant,FIX_ARTICLE_BC,variant 00181
10182,2048797381696,"Сварочный держак GripOn, 800A, медный держатель электродов, электрододержатель сварочный",403b6b9c-674d-11f1-0a80-1f27006a3c63,00182,"Сварочный держак GripOn, 800A, медный держатель электродов, электрододержатель сварочный",,by_article_variant,FIX_ARTICLE_BC,variant 00182
10183,2048797522617,"Диски пильные GripOn, 5+1 штук, для гравера, круги отрезные со штифтом, 22-44 мм, по дереву и металлу",41b9800d-674d-11f1-0a80-0d6f006a9b70,00183,"Диски пильные GripOn, 5+1 штук, для гравера, круги отрезные со штифтом, 22-44 мм, по дереву и металлу",,by_article_variant,FIX_ARTICLE_BC,variant 00183
10188,2045665447218,"Кельма GripOn, 245х90 для декоративной штукатурки и жидких обоев",680d674d-674d-11f1-0a80-1bab006aa468,00188,"Кельма GripOn, 245х90 для декоративной штукатурки и жидких обоев",,by_article_variant,FIX_ARTICLE_BC,variant 00188
10190,2048797579048,"Молоток кованый GripOn, слесарный, 350 грамм, с фиберглассовой ручкой, ударогасящая рукоять, синий",753f3f59-674d-11f1-0a80-1123006bb804,00190,"Молоток кованый GripOn, слесарный, 350 грамм, с фиберглассовой ручкой, ударогасящая рукоять, синий",,by_article_variant,FIX_ARTICLE_BC,variant 00190
10191,2045667433332,"Молоток - гвоздодер GripOn, 350 г, строительный с фиберглассовой ручкой, ударогасящая рукоять",8bab63b4-674d-11f1-0a80-1d57006ade68,00191,"Молоток - гвоздодер GripOn, 350 г, строительный с фиберглассовой ручкой, ударогасящая рукоять",,by_article_variant,FIX_ARTICLE_BC,variant 00191
10192,2046247418275,"Бокорезы / кусачки GripOn, 170 мм, для проводов, для проволоки, с прорезиненными ручками",8dd063b9-674d-11f1-0a80-1efd006a9f53,00192,"Бокорезы / кусачки GripOn, 170 мм, для проводов, для проволоки, с прорезиненными ручками",,by_article_variant,FIX_ARTICLE_BC,variant 00192
10193,2048797642889,"Утконосы / длинногубцы прямые GripOn, 180 мм, хромованадиевая сталь с защитой от коррозии",8fc227af-674d-11f1-0a80-10fa006b0cb5,00193,"Утконосы / длинногубцы прямые GripOn, 180 мм, хромованадиевая сталь с защитой от коррозии",,by_article_variant,FIX_ARTICLE_BC,variant 00193
10195,2048798331621,"Пистолет для монтажной пены GripOn, с металлической трубкой, профессиональный",b1eb43f7-674d-11f1-0a80-01b5006a94cc,00195,"Пистолет для монтажной пены GripOn, с металлической трубкой, профессиональный",,by_article_variant,FIX_ARTICLE_BC,variant 00195
10196,2048798628066,"Столярная стамеска GripOn, ударная, 12 мм, по дереву, плоская CrV, синяя",b3eb6139-674d-11f1-0a80-0d6f006aa88b,00196,"Столярная стамеска GripOn, ударная, 12 мм, по дереву, плоская CrV, синяя",,by_article_variant,FIX_ARTICLE_BC,variant 00196
10197,2046262687694,"Столярная стамеска GripOn, ударная, 14 мм, по дереву, плоская CrV, синяя",a431e722-6750-11f1-0a80-16d9006a2c40,00197,"Столярная стамеска GripOn, ударная, 14 мм, по дереву, плоская CrV, синяя",,by_article_variant,FIX_ARTICLE_BC,variant 00197
10198,2048798626611,"Столярная стамеска GripOn, ударная, 16 мм, по дереву, плоская CrV, синяя",f0a11a02-674d-11f1-0a80-1123006bc38c,00198,"Столярная стамеска GripOn, ударная, 16 мм, по дереву, плоская CrV, синяя",,by_article_variant,FIX_ARTICLE_BC,variant 00198
10199,2048798640600,"Столярная стамеска GripOn, ударная, 18 мм, по дереву, плоская CrV, синяя",f2581e48-674d-11f1-0a80-0bcf006c6a54,00199,"Столярная стамеска GripOn, ударная, 18 мм, по дереву, плоская CrV, синяя",,by_article_variant,FIX_ARTICLE_BC,variant 00199
10200,2046494820883,"Столярная стамеска GripOn, ударная, 22 мм, по дереву, плоская CrV, синяя",f469fd58-674d-11f1-0a80-1bab006ab3d1,00200,"Столярная стамеска GripOn, ударная, 22 мм, по дереву, плоская CrV, синяя",,by_article_variant,FIX_ARTICLE_BC,variant 00200
10203,2046494538740,"Скребок строительный GripOn, 300 мм из металла для удаления обоев, краски, сменное лезвие",fac4fc8c-674d-11f1-0a80-1efd006aa914,00203,"Скребок строительный GripOn, 300 мм из металла для удаления обоев, краски, сменное лезвие",,by_article_variant,FIX_ARTICLE_BC,variant 00203
10210,2046245549193,"Набор экстракторов GripOn, 3-25 мм, 5 штук, в кейсе, для болтов",0c6973de-674e-11f1-0a80-16d90069aab2,00210,"Набор экстракторов GripOn, 3-25 мм, 5 штук, в кейсе, для болтов",,by_article_variant,FIX_ARTICLE_BC,variant 00210
10214,2046262726867,"Набор щеток металлических GripOn, 3 штуки, корщетки зачистные, 300 мм, по металлу",3210affc-674e-11f1-0a80-0d6f006ab1fb,00214,"Набор щеток металлических GripOn, 3 штуки, корщетки зачистные, 300 мм, по металлу",,by_article_variant,FIX_ARTICLE_BC,variant 00214
10218,2046247364480,"Войлочный утеплитель/уплотнитель GripOn, 6 метров, для окна и двери, лента из термовойлока",55e5532d-674e-11f1-0a80-1123006bcc15,00218,"Войлочный утеплитель/уплотнитель GripOn, 6 метров, для окна и двери, лента из термовойлока",,by_article_variant,FIX_ARTICLE_BC,variant 00218
10219,2046491280352,"Патрон для дрели GripOn, 3/8, 0.8-10 мм, быстрозажимной, пластиковый, строительный",57b8781f-674e-11f1-0a80-0d6f006ab656,00219,"Патрон для дрели GripOn, 3/8, 0.8-10 мм, быстрозажимной, пластиковый, строительный",,by_article_variant,FIX_ARTICLE_BC,variant 00219
10220,2046244559681,"Патрон для дрели GripOn, 3/8, 0.8-10 мм, быстрозажимной, металлический, строительный",76c6313f-674e-11f1-0a80-05c6006abb69,00220,"Патрон для дрели GripOn, 3/8, 0.8-10 мм, быстрозажимной, металлический, строительный",,by_article_variant,FIX_ARTICLE_BC,variant 00220
10221,2046491224264,"Замок навесной металлический GripOn, 70 мм, с закаленной дужкой, уличный",959f8001-674e-11f1-0a80-0d6f006ac416,00221,"Замок навесной металлический GripOn, 70 мм, с закаленной дужкой, уличный",,by_article_variant,FIX_ARTICLE_BC,variant 00221
10223,2046262858957,"Войлочный утеплитель/уплотнитель GripOn, 2 метра х 30 мм х 10 мм, для окна и двери, лента из термовойлока",a37b632f-674e-11f1-0a80-1123006bd19f,00223,"Войлочный утеплитель/уплотнитель GripOn, 2 метра х 30 мм х 10 мм, для окна и двери, лента из термовойлока",,by_article_variant,FIX_ARTICLE_BC,variant 00223
10224,2046262927783,"Замок навесной металлический GripOn, 80 мм, с закаленной дужкой, уличный",a5d30818-674e-11f1-0a80-0d6f006ac4cf,00224,"Замок навесной металлический GripOn, 80 мм, с закаленной дужкой, уличный",,by_article_variant,FIX_ARTICLE_BC,variant 00224
10225,2046262811730,"Колодка штепсельная GripOn с крышкой, каучуковая, влагозащищенная герметичная на 1 розетка, 16А, 250V, max 3500W, черный",a79a79a2-674e-11f1-0a80-0725006a8402,00225,"Колодка штепсельная GripOn с крышкой, каучуковая, влагозащищенная герметичная на 1 розетка, 16А, 250V, max 3500W, черный",,by_article_variant,FIX_ARTICLE_BC,variant 00225
10226,2046262754358,"Колодка для удлинителя GripOn, 3 гнезда 16А, 3,5кВт, 250V, с заземлением, розеточная",a91adc76-674e-11f1-0a80-0d6f006ac4f7,00226,"Колодка для удлинителя GripOn, 3 гнезда 16А, 3,5кВт, 250V, с заземлением, розеточная",,by_article_variant,FIX_ARTICLE_BC,variant 00226
10227,2046263192715,"Кельма GripOn, 240х90 для декоративной штукатурки и жидких обоев",c803eb36-674e-11f1-0a80-1123006bd353,00227,"Кельма GripOn, 240х90 для декоративной штукатурки и жидких обоев",,by_article_variant,FIX_ARTICLE_BC,variant 00227
10228,2046263163845,"Кельма металлическая GripOn, 200х80",c9b61bcb-674e-11f1-0a80-10fa006b240c,00228,"Кельма металлическая GripOn, 200х80",,by_article_variant,FIX_ARTICLE_BC,variant 00228
10229,2046263013386,"Кисть малярная 38 мм GripOn, плоская, светлая щетина, деревянная ручка, для краски",cc686a68-674e-11f1-0a80-16d90069d181,00229,"Кисть малярная 38 мм GripOn, плоская, светлая щетина, деревянная ручка, для краски",,by_article_variant,FIX_ARTICLE_BC,variant 00229
10231,2048773392944,"Кисть малярная 25 мм GripOn, плоская, светлая щетина, деревянная ручка, для краски",d159191a-674e-11f1-0a80-10fa006b25f9,00231,"Кисть малярная 25 мм GripOn, плоская, светлая щетина, деревянная ручка, для краски",,by_article_variant,FIX_ARTICLE_BC,variant 00231
10232,2048773415407,"Кисть малярная 50 мм GripOn, плоская, светлая щетина, деревянная ручка, для краски",d3a9cd43-674e-11f1-0a80-0725006a874e,00232,"Кисть малярная 50 мм GripOn, плоская, светлая щетина, деревянная ручка, для краски",,by_article_variant,FIX_ARTICLE_BC,variant 00232
10233,2048773432619,"Кисть малярная 63 мм GripOn, плоская, светлая щетина, деревянная ручка, для краски",d55e0d89-674e-11f1-0a80-0bcf006c7f66,00233,"Кисть малярная 63 мм GripOn, плоская, светлая щетина, деревянная ручка, для краски",,by_article_variant,FIX_ARTICLE_BC,variant 00233
10234,2048773441109,"Кисть малярная 75 мм GripOn, плоская, светлая щетина, деревянная ручка, для краски",d7703119-674e-11f1-0a80-1934006b779c,00234,"Кисть малярная 75 мм GripOn, плоская, светлая щетина, деревянная ручка, для краски",,by_article_variant,FIX_ARTICLE_BC,variant 00234
10235,2048773450668,"Кисть малярная 125 мм GripOn, плоская, светлая щетина, деревянная ручка, для краски",da39474d-674e-11f1-0a80-0d6f006acaaf,00235,"Кисть малярная 125 мм GripOn, плоская, светлая щетина, деревянная ручка, для краски",,by_article_variant,FIX_ARTICLE_BC,variant 00235
10237,2048798754291,"Диск коралловый GripOn, 100 мм, на дрель, синий, круг зачистной, для дерева, металла, пластика",de170d91-674e-11f1-0a80-1efd006ac14f,00237,"Диск коралловый GripOn, 100 мм, на дрель, синий, круг зачистной, для дерева, металла, пластика",,by_article_variant,FIX_ARTICLE_BC,variant 00237
10238,2048798146263,"Пистолет для герметика и клея GripOn, механический, скелетный для картриджей 260-310 мл, желтый",e04cb91d-674e-11f1-0a80-0d6f006acbcb,00238,"Пистолет для герметика и клея GripOn, механический, скелетный для картриджей 260-310 мл, желтый",,by_article_variant,FIX_ARTICLE_BC,variant 00238
10239,2048798173337,"Пистолет для герметика и клея GripOn, механический, полузакрытый, для картриджей 260-310 мл",e1bd358a-674e-11f1-0a80-1f27006a876d,00239,"Пистолет для герметика и клея GripOn, механический, полузакрытый, для картриджей 260-310 мл",,by_article_variant,FIX_ARTICLE_BC,variant 00239
10240,2048798203829,"Пистолет для герметика и клея GripOn, механический, скелетный для картриджей 260-310 мл, черный",ed704266-674e-11f1-0a80-1123006bddd8,00240,"Пистолет для герметика и клея GripOn, механический, скелетный для картриджей 260-310 мл, черный",,by_article_variant,FIX_ARTICLE_BC,variant 00240
10242,2048798855578,"Валик малярный GripOn, ролик 250 мм, универсальный, для краски стен, полиамид, синий",fc0c3489-674e-11f1-0a80-0725006a9135,00242,"Валик малярный GripOn, ролик 250 мм, универсальный, для краски стен, полиамид, синий",,by_article_variant,FIX_ARTICLE_BC,variant 00242
10243,2049982206329,"Замок навесной металлический GripOn, 50 мм, с закаленной дужкой, уличный",fdf0adde-674e-11f1-0a80-1d57006b0c20,00243,"Замок навесной металлический GripOn, 50 мм, с закаленной дужкой, уличный",,by_article_variant,FIX_ARTICLE_BC,variant 00243
10245,2048799003916,"Кельма GripOn, 270х115 для декоративной штукатурки и жидких обоев",0bc3f08a-674f-11f1-0a80-1123006bec63,00245,"Кельма GripOn, 270х115 для декоративной штукатурки и жидких обоев",,by_article_variant,FIX_ARTICLE_BC,variant 00245
10246,2048799086728,"Шпатель обойный GripOn, прижимной, 280 мм, для обоев, строительный, пластиковый, синий",175d9255-674f-11f1-0a80-082c006b50da,00246,"Шпатель обойный GripOn, прижимной, 280 мм, для обоев, строительный, пластиковый, синий",,by_article_variant,FIX_ARTICLE_BC,variant 00246
10247,OZN3225865585,"Стеклорез роликовый GripOn, 3-15 мм, для плитки и стекла, профессиональный, на 25000 метров",22e95801-674f-11f1-0a80-1efd006ad866,00247,"Стеклорез роликовый GripOn, 3-15 мм, для плитки и стекла, профессиональный, на 25000 метров",,by_article_variant,FIX_ARTICLE_BC,variant 00247
10248,OZN3225867175,"Трещотка GripOn флажковая, 24 зубца, 150 мм, 1/4"", ""Эконом"", для торцевых головок, синяя",24ba54f2-674f-11f1-0a80-0bcf006c92b5,00248,"Трещотка GripOn флажковая, 24 зубца, 150 мм, 1/4"", ""Эконом"", для торцевых головок, синяя",,by_article_variant,FIX_ARTICLE_BC,variant 00248
10249,2048777283729,"Трос сантехнический GripOn с захватом, для прочистки труб, 0.6 метра, от засоров, стальной металлический трос 3 м х10 мм для чистки канализации, унитаза",267a9718-674f-11f1-0a80-01b5006accad,00249,"Трос сантехнический GripOn с захватом, для прочистки труб, 0.6 метра, от засоров, стальной металлический трос 3 м х10 мм для чистки канализации, унитаза",,by_article_variant,FIX_ARTICLE_BC,variant 00249
10250,2048777323654,"Трос сантехнический GripOn с захватом, 0,9 метра, для прочистки труб от засоров, стальной металлический трос 3 м х10 мм для чистки канализации, унитаза",3ba7d821-674f-11f1-0a80-0725006aa098,00250,"Трос сантехнический GripOn с захватом, 0,9 метра, для прочистки труб от засоров, стальной металлический трос 3 м х10 мм для чистки канализации, унитаза",,by_article_variant,FIX_ARTICLE_BC,variant 00250
10251,2048799483077,"Мастерок GripOn, 185 мм, лепесток строительный для штукатурки, бетона, деревянная ручка",3df8e5b6-674f-11f1-0a80-0bcf006c989a,00251,"Мастерок GripOn, 185 мм, лепесток строительный для штукатурки, бетона, деревянная ручка",,by_article_variant,FIX_ARTICLE_BC,variant 00251
10252,2048799562062,"Лезвия для канцелярских ножей GripOn 40 штук, 100 мм х 18 мм, сменные, сегментированные, толщина 0,5 мм, в пенале",402455b1-674f-11f1-0a80-1efd006addfd,00252,"Лезвия для канцелярских ножей GripOn 40 штук, 100 мм х 18 мм, сменные, сегментированные, толщина 0,5 мм, в пенале",,by_article_variant,FIX_ARTICLE_BC,variant 00252
10253,2048799617793,Угольник строительный столярный 40 см металлическая линейка двусторонняя шкала,41a73d73-674f-11f1-0a80-0d6f006ade1d,00253,Угольник строительный столярный 40 см металлическая линейка двусторонняя шкала,,by_article_variant,FIX_ARTICLE_BC,variant 00253
10254,2049528723501,"Кисть малярная 88 мм GripOn, плоская, светлая щетина, деревянная ручка, для краски",56f05211-674f-11f1-0a80-1f27006aa7d2,00254,"Кисть малярная 88 мм GripOn, плоская, светлая щетина, деревянная ручка, для краски",,by_article_variant,FIX_ARTICLE_BC,variant 00254
10255,2049528695358,"Кисть малярная 100 мм GripOn, плоская, светлая щетина, деревянная ручка, для краски",58b7e72c-674f-11f1-0a80-0d6f006adf5c,00255,"Кисть малярная 100 мм GripOn, плоская, светлая щетина, деревянная ручка, для краски",,by_article_variant,FIX_ARTICLE_BC,variant 00255
10256,2049529114018,"Скребок строительный GripOn с лезвием, 60 см, лезвие 10 см, для малярно-штукатурных работ",6458cff1-674f-11f1-0a80-0bcf006c9cb0,00256,"Скребок строительный GripOn с лезвием, 60 см, лезвие 10 см, для малярно-штукатурных работ",,by_article_variant,FIX_ARTICLE_BC,variant 00256
10257,2049460604357,"Зажим / клемы GripOn, крокодил для проводов АКБ,150 мм медные наконечники",6685d0a2-674f-11f1-0a80-01b5006ad559,00257,"Зажим / клемы GripOn, крокодил для проводов АКБ,150 мм медные наконечники",,by_article_variant,FIX_ARTICLE_BC,variant 00257
10258,2049460371471,Изолента 5 штук,690c0b2b-674f-11f1-0a80-082c006b5f80,00258,Изолента 5 штук,,by_article_variant,FIX_ARTICLE_BC,variant 00258
10259,OZN3671464685,"Мастерок, прямоугольный",6a7998a9-674f-11f1-0a80-082c006b5f88,00259,"Мастерок, прямоугольный",,by_article_variant,FIX_ARTICLE_BC,variant 00259
10260,2049780672661,Нож,6c10c729-674f-11f1-0a80-0099006c0677,00260,Нож,,by_article_variant,FIX_ARTICLE_BC,variant 00260
10261,2049781975594,Пленка,6e4a6257-674f-11f1-0a80-1efd006ae201,00261,Пленка,,by_article_variant,FIX_ARTICLE_BC,variant 00261
10262,OZN3671735304,Ковш пластиковый,71755448-674f-11f1-0a80-1bab006afccb,00262,Ковш пластиковый,,by_article_variant,FIX_ARTICLE_BC,variant 00262
10263,OZN3671761821,Бур,735c0728-674f-11f1-0a80-16d90069fc90,00263,Бур,,by_article_variant,FIX_ARTICLE_BC,variant 00263
10264,2049758630143,Сверло по трубам,750a7b17-674f-11f1-0a80-10fa006b5445,00264,Сверло по трубам,,by_article_variant,FIX_ARTICLE_BC,variant 00264
10265,2049981894589,Холостянка,779ca42b-674f-11f1-0a80-0d6f006ae0f6,00265,Холостянка,,by_article_variant,FIX_ARTICLE_BC,variant 00265
10266,2049982031709,Полотно,7a1c0efa-674f-11f1-0a80-16d90069fcb9,00266,Полотно,,by_article_variant,FIX_ARTICLE_BC,variant 00266
10267,2049982086624,Скобы,7df525d6-674f-11f1-0a80-1bab006afd93,00267,Скобы,,by_article_variant,FIX_ARTICLE_BC,variant 00267
10268,2049982138910,Серпянка,7f908644-674f-11f1-0a80-10fa006b54b8,00268,Серпянка,,by_article_variant,FIX_ARTICLE_BC,variant 00268
10269,2049982263841,"Замок навесной металлический GripOn, 60 мм, с закаленной дужкой, уличный",8b4ddaab-674f-11f1-0a80-1123006c012b,00269,"Замок навесной металлический GripOn, 60 мм, с закаленной дужкой, уличный",,by_article_variant,FIX_ARTICLE_BC,variant 00269
10270,2050233672541,"Кисть малярная GripOn, 140 х 40 макловица, светлая щетина, искусственная",8cde453b-674f-11f1-0a80-0099006c0833,00270,"Кисть малярная GripOn, 140 х 40 макловица, светлая щетина, искусственная",,by_article_variant,FIX_ARTICLE_BC,variant 00270
10271,2050863266073,Вертушка тройная,8e960ac2-674f-11f1-0a80-0bcf006c9ecc,00271,Вертушка тройная,,by_article_variant,FIX_ARTICLE_BC,variant 00271
10272,2050861466147,Вертушка четверная,9a8b4821-674f-11f1-0a80-1d57006b2763,00272,Вертушка четверная,,by_article_variant,FIX_ARTICLE_BC,variant 00272
10273,2050895101663,Катушка,9cf557c8-674f-11f1-0a80-0bcf006c9f42,00273,Катушка,,by_article_variant,FIX_ARTICLE_BC,variant 00273
10274,2050928479882,"Лезвия черные, 4 пачки",9f1da11f-674f-11f1-0a80-01b5006ad994,00274,"Лезвия черные, 4 пачки",,by_article_variant,FIX_ARTICLE_BC,variant 00274
10275,2051015829733,"СВП клин, 50 штук",a0e0de30-674f-11f1-0a80-1d57006b27a9,00275,"СВП клин, 50 штук",,by_article_variant,FIX_ARTICLE_BC,variant 00275
10276,2050894482022,Магнитный держатель,a4932546-674f-11f1-0a80-1123006c0450,00276,Магнитный держатель,,by_article_variant,FIX_ARTICLE_BC,variant 00276
10278,2051016326361,Головка 10 мм,a9304891-674f-11f1-0a80-01b5006adaf2,00278,Головка 10 мм,,by_article_variant,FIX_ARTICLE_BC,variant 00278
10279,2050925464737,"Очки прозрачные, 2 штуки",aac0ddd9-674f-11f1-0a80-05c6006af284,00279,"Очки прозрачные, 2 штуки",,by_article_variant,FIX_ARTICLE_BC,variant 00279
10280,2050927591516,"Очки синие, 3 штуки",b66e5bdf-674f-11f1-0a80-1efd006aeacf,00280,"Очки синие, 3 штуки",,by_article_variant,FIX_ARTICLE_BC,variant 00280
10281,2050982036397,"Щетка серая, 2 штуки",c26f9ee7-674f-11f1-0a80-1efd006aef47,00281,"Щетка серая, 2 штуки",,by_article_variant,FIX_ARTICLE_BC,variant 00281
10282,2050886290185,Рулетка 7.5,cd9184c7-674f-11f1-0a80-082c006b686a,00282,Рулетка 7.5,,by_article_variant,FIX_ARTICLE_BC,variant 00282
10283,2050885419105,Пика,d092b52b-674f-11f1-0a80-1123006c0d4b,00283,Пика,,by_article_variant,FIX_ARTICLE_BC,variant 00283
10284,2050837776829,Держак черно-белый,d2f9089b-674f-11f1-0a80-1d57006b2f3c,00284,Держак черно-белый,,by_article_variant,FIX_ARTICLE_BC,variant 00284
10285,2051578390855,Набор кистей 4 шт,d505114d-674f-11f1-0a80-1123006c0d86,00285,Набор кистей 4 шт,,by_article_variant,FIX_ARTICLE_BC,variant 00285
10286,2051575299700,Скобы для степлера строительного 4000 штук 8 мм,d726fa67-674f-11f1-0a80-0099006c0f44,00286,Скобы для степлера строительного 4000 штук 8 мм,,by_article_variant,FIX_ARTICLE_BC,variant 00286
10287,2051575520590,Скобы для степлера строительного 4000 штук 6 мм,d8d6f813-674f-11f1-0a80-05c6006af906,00287,Скобы для степлера строительного 4000 штук 6 мм,,by_article_variant,FIX_ARTICLE_BC,variant 00287
10288,2051558021380,Скобы для степлера строительного 4000 штук 12 мм,db59b39c-674f-11f1-0a80-1123006c0e0a,00288,Скобы для степлера строительного 4000 штук 12 мм,,by_article_variant,FIX_ARTICLE_BC,variant 00288
10289,2051557664397,Валик 200 мм,dce8572b-674f-11f1-0a80-1bab006b12f2,00289,Валик 200 мм,,by_article_variant,FIX_ARTICLE_BC,variant 00289
10290,2051557504716,Валик 240 мм,fba912b9-674f-11f1-0a80-082c006b6d78,00290,Валик 240 мм,,by_article_variant,FIX_ARTICLE_BC,variant 00290
10291,2051557186288,Валик желто-черный,13107d41-6750-11f1-0a80-0099006c1503,00291,Валик желто-черный,,by_article_variant,FIX_ARTICLE_BC,variant 00291
10292,2051556827823,Напильник круглый 150 мм,1517a6b4-6750-11f1-0a80-0d6f006afbac,00292,Напильник круглый 150 мм,,by_article_variant,FIX_ARTICLE_BC,variant 00292
10293,2051557000966,Напильник полукруглый 150 мм,2a89cf9a-6750-11f1-0a80-0099006c1662,00293,Напильник полукруглый 150 мм,,by_article_variant,FIX_ARTICLE_BC,variant 00293
10294,2051542759848,Напильник плоский 150 мм,2f3304e1-6750-11f1-0a80-1f27006abba9,00294,Напильник плоский 150 мм,,by_article_variant,FIX_ARTICLE_BC,variant 00294
10295,2051556715601,Напильник круглый 200 мм,31229545-6750-11f1-0a80-1efd006af9ec,00295,Напильник круглый 200 мм,,by_article_variant,FIX_ARTICLE_BC,variant 00295
10296,2051556625672,Напильник полукруглый 200 мм,33c1f973-6750-11f1-0a80-01b5006ae612,00296,Напильник полукруглый 200 мм,,by_article_variant,FIX_ARTICLE_BC,variant 00296
10297,2051556443511,Напильник треугольный 200 мм,3562ffbc-6750-11f1-0a80-10fa006b662a,00297,Напильник треугольный 200 мм,,by_article_variant,FIX_ARTICLE_BC,variant 00297
10298,2051556021634,Напильник плоский 200 мм,37b40dce-6750-11f1-0a80-1f27006abc22,00298,Напильник плоский 200 мм,,by_article_variant,FIX_ARTICLE_BC,variant 00298
10299,2051553142691,Напильник плоский 250 мм,434cd7e7-6750-11f1-0a80-0099006c1776,00299,Напильник плоский 250 мм,,by_article_variant,FIX_ARTICLE_BC,variant 00299
10300,2051552838489,Напильник круглый 250 мм,45137813-6750-11f1-0a80-1934006bb739,00300,Напильник круглый 250 мм,,by_article_variant,FIX_ARTICLE_BC,variant 00300
10301,2051552399843,Напильник полукруглый 250 мм,4705bec4-6750-11f1-0a80-1bab006b1ba4,00301,Напильник полукруглый 250 мм,,by_article_variant,FIX_ARTICLE_BC,variant 00301
10302,2051556288983,Напильник треугольный 250 мм,53e43dd3-6750-11f1-0a80-0bcf006cb6a0,00302,Напильник треугольный 250 мм,,by_article_variant,FIX_ARTICLE_BC,variant 00302
10303,2051550324137,Пилка на лобзик 101д,56111939-6750-11f1-0a80-082c006b8542,00303,Пилка на лобзик 101д,,by_article_variant,FIX_ARTICLE_BC,variant 00303
10304,2051550807692,Пилка на лобзик 111с,57a6d9f7-6750-11f1-0a80-1123006c1c05,00304,Пилка на лобзик 111с,,by_article_variant,FIX_ARTICLE_BC,variant 00304
10305,2051549747039,Пилка на лобзик 118а,62e0f4f8-6750-11f1-0a80-0bcf006cb965,00305,Пилка на лобзик 118а,,by_article_variant,FIX_ARTICLE_BC,variant 00305
10306,2051549034917,247.0,,,,,,ERROR_NO_MATCH,ERROR_NO_MATCH
10307,2051551210101,Пилка на лобзик 144д,66e96958-6750-11f1-0a80-1934006bba78,00307,Пилка на лобзик 144д,,by_article_variant,FIX_ARTICLE_BC,variant 00307
10308,2051543576246,Лезвия 25 мм,72678c7c-6750-11f1-0a80-16d9006a25f0,00308,"Лезвия 25 мм, 1 упаковка",,by_article_variant,FIX_ARTICLE_BC,variant 00308
10309,2051543958448,Лезвия 18 мм олфа,7437ceca-6750-11f1-0a80-16d9006a27d0,00309,Лезвия 18 мм олфа,,by_article_variant,FIX_ARTICLE_BC,variant 00309
10310,2051575964097,"Лезвия 18 мм , 0.7 мм толщина мастер, 2 упаковки",75bd7be2-6750-11f1-0a80-082c006b877b,00310,"Лезвия 18 мм , 0.7 мм толщина мастер, 2 упаковки",,by_article_variant,FIX_ARTICLE_BC,variant 00310
10311,2051577258514,"лезвия трапеция , 4 упаковки",774fafe8-6750-11f1-0a80-1bab006b2086,00311,"лезвия трапеция , 4 упаковки",,by_article_variant,FIX_ARTICLE_BC,variant 00311
10312,2051578580331,Нить сантехническая,799e22cb-6750-11f1-0a80-10fa006b75d7,00312,Нить сантехническая,,by_article_variant,FIX_ARTICLE_BC,variant 00312
10313,2051551769463,Лезвия черные 25 мм 0.7 мм толщина,7bb4c08b-6750-11f1-0a80-1bab006b20f3,00313,Лезвия черные 25 мм 0.7 мм толщина . 1 упаковка,,by_article_variant,FIX_ARTICLE_BC,variant 00313
10314,2052690373580,Валик 5 в 1,83121f2a-6ec7-11f1-0a80-1a5d009f2349,00314,Валик 5 в 1,,by_article_variant,FIX_ARTICLE_BC,variant 00314
10315,2052690704667,Набор шпателей 5 шт,840b0509-6ec7-11f1-0a80-0bf3009f1c06,00315,Набор шпателей 5 шт,,by_article_variant,FIX_ARTICLE_BC,variant 00315
10316,2052691026782,Набор шпателей 4 шт,a3d94267-6ec7-11f1-0a80-0bf3009f2224,00316,Набор шпателей 4 шт,,by_article_variant,FIX_ARTICLE_BC,variant 00316
10317,2052691320651,Очки 170,b7929922-6ec7-11f1-0a80-1d5900a37643,00317,Очки 170,,by_article_variant,FIX_ARTICLE_BC,variant 00317
10318,2052691654138,Очки 171,cc5c7998-6ec7-11f1-0a80-1d5900a37883,00318,Очки 171,,by_article_variant,FIX_ARTICLE_BC,variant 00318
10319,2052692006646,Очки 172,cd5d2dac-6ec7-11f1-0a80-0e6f00a21b0d,00319,Очки 172,,by_article_variant,FIX_ARTICLE_BC,variant 00319
10320,2052693489738,"Нож 25 мм, 2 штуки в комплекте",e20f5d07-6ec7-11f1-0a80-16ec00a06557,00320,Нож 25 мм,,by_article_variant,FIX_ARTICLE_BC,variant 00320
10321,2052692552716,Линейка треугольная,ec71502f-6ec7-11f1-0a80-00ad00a01e1e,00321,Линейка треугольная,,by_article_variant,FIX_ARTICLE_BC,variant 00321
10322,2052692856340,Катушка 2,ed5bbb6a-6ec7-11f1-0a80-1e0800a061b2,00322,Катушка 2,,by_article_variant,FIX_ARTICLE_BC,variant 00322
10323,2052693205239,"Нож раскладной, 2 штуки в комплекте",,,,,,ERROR_NO_MATCH,ERROR_NO_MATCH
10324,2052844501838,Набор сверла ступенчатые для водопроводных труб(3 шт.),,,,,,ERROR_NO_MATCH,ERROR_NO_MATCH
