Группы	UUID	Тип	Код	Наименование	Внешний код	Артикул	Доп. поле: Артикул
export	f08cfbae-df1b-11ef-0a80-0bc001334530	Товар	00-00000646	3D маска для ночного сна (Беруши в подарок)		3D маска для ночного сна	3DMASK
export	6b834703-beb2-11ee-0a80-13bb003ff608	Товар	00197	Массажер для ног Bodo Fly		Массажёр для ног Bodo Fly	BODOFLY
export	5883b7bc-8857-11ee-0a80-13da001dc2dc	Товар	00170	Устройство медицинское DETENSOR для пассивной разгрузки позвоночника в лежачем положении с силой вытяжения 18% от массы тела. Жесткость 0		Мат Детензор 18% Жёсткость 0 (полный комплект)	D18H00
export	588ad9f5-8857-11ee-0a80-13da001dc2e2	Товар	00154	Устройство медицинское DETENSOR для пассивной разгрузки позвоночника в лежачем положении с силой вытяжения 18% от массы тела. Жесткость 1		Мат Детензор 18% Жёсткость 1 (полный комплект)	D18H01
export	58928d4e-8857-11ee-0a80-13da001dc2e8	Товар	00043	Устройство медицинское DETENSOR для пассивной разгрузки позвоночника в лежачем положении с силой вытяжения 18% от массы тела. Жесткость 2		Мат Детензор 18% Жёсткость 2 (полный комплект)	D18H02
export	589b6797-8857-11ee-0a80-13da001dc2f5	Товар	00114	Устройство медицинское DETENSOR для пассивной разгрузки позвоночника в лежачем положении с силой вытяжения 18% от массы тела. Жесткость 2 ПЛЮС		Мат Детензор 18% Жёсткость 2+ (полный комплект)	D18H02P
export	58a3823b-8857-11ee-0a80-13da001dc301	Товар	00063	Устройство медицинское DETENSOR для пассивной разгрузки позвоночника в лежачем положении с силой вытяжения 18% от массы тела.Жесткость 3		Мат Детензор 18% Жёсткость 3 (полный комплект)	D18H03
export	7d40ba8d-b47a-11ee-0a80-14eb001beeb0	Товар	00193	Очки-перископы для чтения лежа "Детензор-EYE"		Очки-перископы для чтения лёжа Детензор-EYE	DH.GLASSES
export	c3f13a6b-50b6-11ef-0a80-01e700244468	Товар	00-00000608	Очки-перископы для чтения лежа "Детензор-EYE" light		Очки-перископы для чтения лёжа Детензор-EYE Light	DH.GLASSES-L
export	594497f7-8857-11ee-0a80-13da001dc3b2	Товар	00133	Устройство медицинское DETENSOR для пассивной разгрузки позвоночника в сидячем положении (тип 2). Черная		Подушка для спины Детензор Чёрная	DRKBL
export	59596dca-8857-11ee-0a80-13da001dc3c4	Товар	00039	Устройство медицинское DETENSOR для пассивной разгрузки позвоночника в сидячем положении (тип 2). Коричневая		Подушка для спины Детензор Коричневая	DRKBR
export	59529a2a-8857-11ee-0a80-13da001dc3be	Товар	00057	Устройство медицинское DETENSOR для пассивной разгрузки позвоночника в сидячем положении (тип 2).Золотая		Подушка для спины Детензор Золотая	DRKGO
export	594c893e-8857-11ee-0a80-13da001dc3b8	Товар	00034	Устройство медицинское DETENSOR для пассивной разгрузки позвоночника в сидячем положении (тип 2). Серая		Подушка для спины Детензор Серая	DRKGR
export	83df0213-b888-11ef-0a80-155f0049fba5	Товар	00-00000639	Устройство медицинское DETENSOR для пассивной разгрузки позвоночника в сидячем положении (тип 2). Бордовая		Подушка для спины Детензор Бордовая	DRKRE
export	596056a5-8857-11ee-0a80-13da001dc3ca	Товар	00084	Устройство медицинское DETENSOR для пассивной разгрузки позвоночника в сидячем положении (тип 2). Ваниль		Подушка для спины Детензор Ванильная	DRKWH
export	591dda2e-8857-11ee-0a80-13da001dc386	Товар	00116	Устройство медицинское DETENSOR для пассивной разгрузки позвоночника в сидячем положении (тип 1). Черная		Подушка для сидения Детензор Чёрная	DSKBL
export	5933f6fe-8857-11ee-0a80-13da001dc39e	Товар	00038	Устройство медицинское DETENSOR для пассивной разгрузки позвоночника в сидячем положении (тип 1) Коричневая		Подушка для сидения Детензор Коричневая	DSKBR
export	592e0bfd-8857-11ee-0a80-13da001dc392	Товар	00080	Устройство медицинское DETENSOR для пассивной разгрузки позвоночника в сидячем положении (тип 1) Золотая		Подушка для сидения Детензор Золотая	DSKGO
export	5924736a-8857-11ee-0a80-13da001dc38c	Товар	00120	Устройство медицинское DETENSOR для пассивной разгрузки позвоночника в сидячем положении (тип 1). Серая		Подушка для сидения Детензор Серая	DSKGR
export	1c1778d0-b894-11ef-0a80-037b008d8d4b	Товар	00-00000640	Устройство медицинское DETENSOR для пассивной разгрузки позвоночника в сидячем положении (тип 1). Бордовая		Подушка для сидения Детензор Бордовая	DSKRE
export	593bfbd5-8857-11ee-0a80-13da001dc3a4	Товар	00014	Устройство медицинское DETENSOR для пассивной разгрузки позвоночника в сидячем положении (тип 1). Ваниль		Подушка для сидения Детензор Ванильная	DSKWH
export	59a88288-8857-11ee-0a80-13da001dc421	Товар	00040	Устройство медицинское DETENSOR для пассивной разгрузки позвоночника в лежачем положении с силой вытяжения 5% от массы тела. Тип 2. Размер 100*200*9, Жесткость 2		Матрас Fibrotop Classic 100×200×9 Жёсткость 2	FBCL100
export	5991b3d1-8857-11ee-0a80-13da001dc402	Товар	00151	Устройство медицинское DETENSOR для пассивной разгрузки позвоночника в лежачем положении с силой вытяжения 5% от массы тела. Тип 2. Размер 100*200*9, Жесткость 1		Матрас Fibrotop Classic 100×200×9 Жёсткость 1	FBCL100-1
export	59a0935d-8857-11ee-0a80-13da001dc41b	Товар	00058	Устройство медицинское DETENSOR для пассивной разгрузки позвоночника в лежачем положении с силой вытяжения 5% от массы тела. Тип 2. Размер 100*200*9, Жесткость 3		Матрас Fibrotop Classic 100×200×9 Жёсткость 3	FBCL100-3
export	59b01881-8857-11ee-0a80-13da001dc427	Товар	00086	Устройство медицинское DETENSOR для пассивной разгрузки позвоночника в лежачем положении с силой вытяжения 5% от массы тела. Тип 2. Размер 120*200*9, Жесткость 2		Матрас Fibrotop Classic 120×200×9 Жёсткость 2	FBCL120
export	59b8cd43-8857-11ee-0a80-13da001dc42d	Товар	00078	Устройство медицинское DETENSOR для пассивной разгрузки позвоночника в лежачем положении с силой вытяжения 5% от массы тела. Тип 2. Размер 140*200*9		Матрас Fibrotop Classic 140×200×9 Жёсткость 2	FBCL140
export	260d106b-fea5-11f0-0a80-1c250222ae39	Товар	00-00000730	Матрас-топпер FIBROTOP Classic (140х200х9, 3 (110-150 кг))		Матрас Fibrotop Classic 140×200×9 Жёсткость 3	FBCL140-3
export	59bee71f-8857-11ee-0a80-13da001dc433	Товар	00113	Устройство медицинское DETENSOR для пассивной разгрузки позвоночника в лежачем положении с силой вытяжения 5% от массы тела. Тип 2. Размер 160*200*9		Матрас Fibrotop Classic 160×200×9 Жёсткость 2	FBCL160
export	59c6c738-8857-11ee-0a80-13da001dc446	Товар	00117	Устройство медицинское DETENSOR для пассивной разгрузки позвоночника в лежачем положении с силой вытяжения 5% от массы тела. Тип 2. Размер 180*200*9		Матрас Fibrotop Classic 180×200×9 Жёсткость 2	FBCL180
export	59cd72cb-8857-11ee-0a80-13da001dc44c	Товар	00090	Устройство медицинское DETENSOR для пассивной разгрузки позвоночника в лежачем положении с силой вытяжения 5% от массы тела. Тип 2. Размер 200*200*9		Матрас Fibrotop Classic 200×200×9 Жёсткость 2	FBCL200
export	596f815b-8857-11ee-0a80-13da001dc3dd	Товар	00088	Устройство медицинское DETENSOR для пассивной разгрузки позвоночника в лежачем положении с силой вытяжения 5% от массы тела. Тип 2. Размер 80*200*9, жесткость 2		Матрас Fibrotop Classic 80×200×9 Жёсткость 2	FBCL80
export	5968d40b-8857-11ee-0a80-13da001dc3d7	Товар	00052	Устройство медицинское DETENSOR для пассивной разгрузки позвоночника в лежачем положении с силой вытяжения 5% от массы тела. Тип 2. Размер 80*200*9, жесткость 1		Матрас Fibrotop Classic 80×200×9 Жёсткость 1	FBCL80-1
export	597624f6-8857-11ee-0a80-13da001dc3ea	Товар	00050	Устройство медицинское DETENSOR для пассивной разгрузки позвоночника в лежачем положении с силой вытяжения 5% от массы тела. Тип 2. Размер 80*200*9, жесткость 3		Матрас Fibrotop Classic 80×200×9 Жёсткость 3	FBCL80-3
export	5983982c-8857-11ee-0a80-13da001dc3f6	Товар	00047	Устройство медицинское DETENSOR для пассивной разгрузки позвоночника в лежачем положении с силой вытяжения 5% от массы тела. Тип 2. Размер 90*200*9, Жесткость 2		Матрас Fibrotop Classic 90×200×9 Жёсткость 2	FBCL90
export	597d77a9-8857-11ee-0a80-13da001dc3f0	Товар	00060	Устройство медицинское DETENSOR для пассивной разгрузки позвоночника в лежачем положении с силой вытяжения 5% от массы тела. Тип 2. Размер 90*200*9, Жесткость 1		Матрас Fibrotop Classic 90×200×9 Жёсткость 1	FBCL90-1
export	598a849c-8857-11ee-0a80-13da001dc3fc	Товар	00149	Устройство медицинское DETENSOR для пассивной разгрузки позвоночника в лежачем положении с силой вытяжения 5% от массы тела. Тип 2. Размер 90*200*9, Жесткость 3		Матрас Fibrotop Classic 90×200×9 Жёсткость 3	FBCL90-3
export	58baa1f9-8857-11ee-0a80-13da001dc314	Товар	00125	Устройство медицинское DETENSOR для пассивной разгрузки позвоночника в лежачем положении с силой вытяжения 5% от массы тела. Тип 1. Размер 100*200*18		Матрас Fibrotop Max 100×200×18	FBM100
export	58c17177-8857-11ee-0a80-13da001dc31a	Товар	00171	Устройство медицинское DETENSOR для пассивной разгрузки позвоночника в лежачем положении с силой вытяжения 5% от массы тела. Тип 1. Размер 120*200*18		Матрас Fibrotop Max 120×200×18	FBM120
export	58c83c8d-8857-11ee-0a80-13da001dc327	Товар	00109	Устройство медицинское DETENSOR для пассивной разгрузки позвоночника в лежачем положении с силой вытяжения 5% от массы тела. Тип 1. Размер 140*200*18		Матрас Fibrotop Max 140×200×18	FBM140
export	58cf0bbb-8857-11ee-0a80-13da001dc32d	Товар	00139	Устройство медицинское DETENSOR для пассивной разгрузки позвоночника в лежачем положении с силой вытяжения 5% от массы тела. Тип 1. Размер 160*200*18		Матрас Fibrotop Max 160×200×18	FBM160
export	58d65dd5-8857-11ee-0a80-13da001dc339	Товар	00097	Устройство медицинское DETENSOR для пассивной разгрузки позвоночника в лежачем положении с силой вытяжения 5% от массы тела. Тип 1. Размер 180*200*18		Матрас Fibrotop Max 180×200×18	FBM180
export	58ddcb26-8857-11ee-0a80-13da001dc33f	Товар	00107	Устройство медицинское DETENSOR для пассивной разгрузки позвоночника в лежачем положении с силой вытяжения 5% от массы тела. Тип 1. Размер 200*200*18		Матрас Fibrotop Max 200×200×18	FBM200
export	58ad8372-8857-11ee-0a80-13da001dc308	Товар	00135	Устройство медицинское DETENSOR для пассивной разгрузки позвоночника в лежачем положении с силой вытяжения 5% от массы тела. Тип 1. Размер 80*200*18		Матрас Fibrotop Max 80×200×18	FBM80
export	58b390c9-8857-11ee-0a80-13da001dc30e	Товар	00173	Устройство медицинское DETENSOR для пассивной разгрузки позвоночника в лежачем положении с силой вытяжения 5% от массы тела. Тип 1. Размер 90*200*18		Матрас Fibrotop Max 90×200×18	FBM90
export	58fd05fd-8857-11ee-0a80-13da001dc35f	Товар	00142	Опора шейная функциональная DETENSOR (тип 4) цвет белый-голубой		Шейная опора Детензор BABY-BOY	FCSBB
export	58f5e88e-8857-11ee-0a80-13da001dc359	Товар	00175	Опора шейная функциональная DETENSOR (тип 3) цвет белый-розовый		Шейная опора Детензор BABY-GIRL	FCSBG
export	58e6f777-8857-11ee-0a80-13da001dc346	Товар	00015	Опора шейная функциональная DETENSOR (тип 1) Размер 18*7*40		Шейная опора Детензор Тип 1 (18×7×40)	FCST1
export	58ee1322-8857-11ee-0a80-13da001dc34c	Товар	00136	Опора шейная функциональная DETENSOR (тип 2) Размер 14*6*35		Шейная опора Детензор Тип 2 (14×6×35)	FCST2
export	e08bb7cc-b9fb-11ee-0a80-050c0015c2a8	Товар	00196	Ночной матрас FIBROTOP MAX (под заказ)		Матрас Fibrotop Max (под заказ)	FMAX.ORDER
export	5871c7f6-8857-11ee-0a80-13da001dc2c9	Товар	00099	Комплект гигиенических чехлов мат Детензор		Гигиенические чехлы (комплект к мату Детензор)	HDMALL
export	587a54ec-8857-11ee-0a80-13da001dc2d5	Товар	00003	Комплект фабричных чехлов Детензор		Фабричные чехлы (комплект к мату Детензор)	HDMFALL
export	59e56c5a-8857-11ee-0a80-13da001dc45f	Товар	00010	Простынь на матрас FIBROTOP Classic 100*200*9		Простынь на матрас Fibrotop Classic 100×200×9	HFBCL100
export	59ebada4-8857-11ee-0a80-13da001dc465	Товар	00105	Простынь на матрас FIBROTOP Classic 120*200*9		Простынь на матрас Fibrotop Classic 120×200×9	HFBCL120
export	59f3afbf-8857-11ee-0a80-13da001dc472	Товар	00001	Простынь на матрас FIBROTOP Classic 140*200*9		Простынь на матрас Fibrotop Classic 140×200×9	HFBCL140
export	59fad0d5-8857-11ee-0a80-13da001dc47e	Товар	00146	Простынь на матрас FIBROTOP Classic 160*200*9		Простынь на матрас Fibrotop Classic 160×200×9	HFBCL160
export	5a024e63-8857-11ee-0a80-13da001dc484	Товар	00036	Простынь на матрас FIBROTOP Classic 180*200*9		Простынь на матрас Fibrotop Classic 180×200×9	HFBCL180
export	5a09de3b-8857-11ee-0a80-13da001dc48a	Товар	00067	Простынь на матрас FIBROTOP Classic 200*200*9		Простынь на матрас Fibrotop Classic 200×200×9	HFBCL200
export	59d6300c-8857-11ee-0a80-13da001dc453	Товар	00046	Простынь на матрас FIBROTOP Classic 80*200*9		Простынь на матрас Fibrotop Classic 80×200×9	HFBCL80
export	59deaa01-8857-11ee-0a80-13da001dc459	Товар	00085	Простынь на матрас FIBROTOP Classic 90*200*9		Простынь на матрас Fibrotop Classic 90×200×9	HFBCL90
export	58101758-8857-11ee-0a80-13da001dc284	Товар	00079	Простынь на матрас FIBROTOP MAX  100*200*18		Простынь на матрас Fibrotop Max 100×200×18	HFBM100
export	5818a104-8857-11ee-0a80-13da001dc28a	Товар	00157	Простынь на матрас FIBROTOP MAX  120*200*18		Простынь на матрас Fibrotop Max 120×200×18	HFBM120
export	581f944b-8857-11ee-0a80-13da001dc290	Товар	00021	Простынь на матрас FIBROTOP MAX  140*200*18		Простынь на матрас Fibrotop Max 140×200×18	HFBM140
export	5826dd76-8857-11ee-0a80-13da001dc2a3	Товар	00121	Простынь на матрас FIBROTOP MAX  160*200*18		Простынь на матрас Fibrotop Max 160×200×18	HFBM160
export	582e8eda-8857-11ee-0a80-13da001dc2a9	Товар	00134	Простынь на матрас FIBROTOP MAX  180*200*18		Простынь на матрас Fibrotop Max 180×200×18	HFBM180
export	58353b13-8857-11ee-0a80-13da001dc2af	Товар	00049	Простынь на матрас FIBROTOP MAX 200*200*18		Простынь на матрас Fibrotop Max 200×200×18	HFBM200
export	57ffc1c5-8857-11ee-0a80-13da001dc278	Товар	00023	Простынь на матрас FIBROTOP MAX 80*200*18		Простынь на матрас Fibrotop Max 80×200×18	HFBM80
export	58080968-8857-11ee-0a80-13da001dc27e	Товар	00083	Простынь на матрас FIBROTOP MAX  90*200*18		Простынь на матрас Fibrotop Max 90×200×18	HFBM90
export	58437a82-8857-11ee-0a80-13da001dc2b6	Товар	00074	Гигиенический чехол на шейный полувалик (Тип 1) цвет Голубой		Гигиенический чехол. Шейная опора Тип 1	HFCST1
export	584bf230-8857-11ee-0a80-13da001dc2bc	Товар	00119	Гигиенический чехол на шейный полувалик (Тип 2) цвет Голубой		Гигиенический чехол. Шейная опора Тип 2	HFCST2
export	a18d8b2b-b47a-11ee-0a80-14eb001c0f11	Товар	00194	Гигиенический чехол «Детензор - HYGIENE» для подспинной части		Гигиенический чехол Детензор-HYGIENE для подспинной части	HYGIENE.BACK
export	57f53e40-8857-11ee-0a80-13da001dc271	Товар	00124	Корректор поясничного отдела «Lumbus»		Корректор поясничного отдела Lumbus L400PV	L400PV
export	59085dea-8857-11ee-0a80-13da001dc36c	Товар	00176	Подушка для ночного сна DETENSOR (40х50х10 см)		Подушка для ночного сна Детензор 40×50×10 см	NS405010
export	590fa595-8857-11ee-0a80-13da001dc372	Товар	00103	Подушка для ночного сна DETENSOR (40х50х12 см)		Подушка для ночного сна Детензор 40×50×12 см	NS405012
export	5915d821-8857-11ee-0a80-13da001dc378	Товар	00005	Подушка для ночного сна DETENSOR (40х50х14 см)		Подушка для ночного сна Детензор 40×50×14 см	NS405014
export	28defc0b-c387-11ef-0a80-145101662fb6	Товар	00-00000644	Шелковая маска для сна черного цвета		Шёлковая маска для сна (чёрная)	SILK-B
export	28cc6630-c387-11ef-0a80-145101662fa7	Товар	00-00000641	Шелковая маска для сна серого цвета		Шёлковая маска для сна (серая)	SILK-G
export	28db1deb-c387-11ef-0a80-145101662fb1	Товар	00-00000643	Шелковая маска для сна цвета пыльная роза		Шёлковая маска для сна (розовая)	SILK-P
export	28d7836d-c387-11ef-0a80-145101662fac	Товар	00-00000642	Шелковая маска для сна цвет алый		Шёлковая маска для сна (красная)	SILK-R
export	bbd3ea20-49b2-11ef-0a80-038c0010d2d1	Товар	00-00000606	Тренажер сенсомоторный Simprove 160 (черный)		Тренажёр сенсомоторный Simprove 160 (чёрный)	SIM160-B
export	d3f56c09-3aae-11ef-0a80-0f55000be47d	Товар	00-00000603	Тренажер сенсомоторный Simprove 160 (синий)		Тренажёр сенсомоторный Simprove 160 (синий)	SIM160-BL
export	7f2397ec-49b2-11ef-0a80-0c630010edd2	Товар	00-00000605	Тренажер сенсомоторный Simprove 160 (оранжевый)		Тренажёр сенсомоторный Simprove 160 (оранжевый)	SIM160-O
export	5c1a8c34-49b2-11ef-0a80-178b0010e7c3	Товар	00-00000604	Тренажер сенсомоторный Simprove 160 (красный)		Тренажёр сенсомоторный Simprove 160 (красный)	SIM160-R
export	42cceaa2-fe62-11ef-0a80-195d000b399e	Товар	00-00000650	Тренажер для тренировки координации движений и устойчивости SIMPROVE PLATE		Тренажёр сенсомоторный Simprove Plate	simproveplate
export	5cac1869-5561-11ef-0a80-163a002445e4	Товар	00-00000609	Индивидуальные стельки		Индивидуальные стельки	stelki
