article,group,excluded,name_now,name_after,analytics_now,analytics_after,folder
3DMASK,A,,3D маска для ночного сна,3D маска для ночного сна (Беруши в подарок),,3D маска для ночного сна,Аксессуары
3DMASK,A,да,3D маска для ночного сна,3D маска для ночного сна,,,Товары интернет-магазинов/Заказ с сайта (ИМ)
BODOFLY,A,,Массажёр для ног Bodo Fly,Массажер для ног Bodo Fly,,Массажёр для ног Bodo Fly,Прочее
D18H00,A,,Мат Детензор 18% Жёсткость 0 (полный комплект),Устройство медицинское DETENSOR для пассивной разгрузки позвоночника в лежачем положении с силой вытяжения 18% от массы тела. Жесткость 0,,Мат Детензор 18% Жёсткость 0 (полный комплект),Мат Детензор 18%
D18H01,A,,Мат Детензор 18% Жёсткость 1 (полный комплект),Устройство медицинское DETENSOR для пассивной разгрузки позвоночника в лежачем положении с силой вытяжения 18% от массы тела. Жесткость 1,,Мат Детензор 18% Жёсткость 1 (полный комплект),Мат Детензор 18%
D18H02,A,,Мат Детензор 18% Жёсткость 2 (полный комплект),Устройство медицинское DETENSOR для пассивной разгрузки позвоночника в лежачем положении с силой вытяжения 18% от массы тела. Жесткость 2,,Мат Детензор 18% Жёсткость 2 (полный комплект),Мат Детензор 18%
D18H02P,A,,Мат Детензор 18% Жёсткость 2+ (полный комплект),Устройство медицинское DETENSOR для пассивной разгрузки позвоночника в лежачем положении с силой вытяжения 18% от массы тела. Жесткость 2 ПЛЮС,,Мат Детензор 18% Жёсткость 2+ (полный комплект),Мат Детензор 18%
D18H03,A,,Мат Детензор 18% Жёсткость 3 (полный комплект),Устройство медицинское DETENSOR для пассивной разгрузки позвоночника в лежачем положении с силой вытяжения 18% от массы тела.Жесткость 3,,Мат Детензор 18% Жёсткость 3 (полный комплект),Мат Детензор 18%
DH.GLASSES,A,,Очки-перископы для чтения лёжа Детензор-EYE,"Очки-перископы для чтения лежа ""Детензор-EYE""",,Очки-перископы для чтения лёжа Детензор-EYE,Аксессуары
DH.GLASSES-L,A,,Очки-перископы для чтения лёжа Детензор-EYE Light,"Очки-перископы для чтения лежа ""Детензор-EYE"" light",,Очки-перископы для чтения лёжа Детензор-EYE Light,Аксессуары
DRKBL,A,,Подушка для спины Детензор Чёрная,Устройство медицинское DETENSOR для пассивной разгрузки позвоночника в сидячем положении (тип 2). Черная,,Подушка для спины Детензор Чёрная,Подушка для спины
DRKBR,A,,Подушка для спины Детензор Коричневая,Устройство медицинское DETENSOR для пассивной разгрузки позвоночника в сидячем положении (тип 2). Коричневая,,Подушка для спины Детензор Коричневая,Подушка для спины
DRKGO,A,,Подушка для спины Детензор Золотая,Устройство медицинское DETENSOR для пассивной разгрузки позвоночника в сидячем положении (тип 2).Золотая,,Подушка для спины Детензор Золотая,Подушка для спины
DRKGR,A,,Подушка для спины Детензор Серая,Устройство медицинское DETENSOR для пассивной разгрузки позвоночника в сидячем положении (тип 2). Серая,,Подушка для спины Детензор Серая,Подушка для спины
DRKRE,A,,Подушка для спины Детензор Бордовая,Устройство медицинское DETENSOR для пассивной разгрузки позвоночника в сидячем положении (тип 2). Бордовая,,Подушка для спины Детензор Бордовая,Подушка для спины
DRKWH,A,,Подушка для спины Детензор Ванильная,Устройство медицинское DETENSOR для пассивной разгрузки позвоночника в сидячем положении (тип 2). Ваниль,,Подушка для спины Детензор Ванильная,Подушка для спины
DSKBL,A,,Подушка для сидения Детензор Чёрная,Устройство медицинское DETENSOR для пассивной разгрузки позвоночника в сидячем положении (тип 1). Черная,,Подушка для сидения Детензор Чёрная,Подушка для сидения
DSKBR,A,,Подушка для сидения Детензор Коричневая,Устройство медицинское DETENSOR для пассивной разгрузки позвоночника в сидячем положении (тип 1) Коричневая,,Подушка для сидения Детензор Коричневая,Подушка для сидения
DSKGO,A,,Подушка для сидения Детензор Золотая,Устройство медицинское DETENSOR для пассивной разгрузки позвоночника в сидячем положении (тип 1) Золотая,,Подушка для сидения Детензор Золотая,Подушка для сидения
DSKGR,A,,Подушка для сидения Детензор Серая,Устройство медицинское DETENSOR для пассивной разгрузки позвоночника в сидячем положении (тип 1). Серая,,Подушка для сидения Детензор Серая,Подушка для сидения
DSKRE,A,,Подушка для сидения Детензор Бордовая,Устройство медицинское DETENSOR для пассивной разгрузки позвоночника в сидячем положении (тип 1). Бордовая,,Подушка для сидения Детензор Бордовая,Подушка для сидения
DSKWH,A,,Подушка для сидения Детензор Ванильная,Устройство медицинское DETENSOR для пассивной разгрузки позвоночника в сидячем положении (тип 1). Ваниль,,Подушка для сидения Детензор Ванильная,Подушка для сидения
FBCL100,A,,Матрас Fibrotop Classic 100×200×9 Жёсткость 2,"Устройство медицинское DETENSOR для пассивной разгрузки позвоночника в лежачем положении с силой вытяжения 5% от массы тела. Тип 2. Размер 100*200*9, Жесткость 2",,Матрас Fibrotop Classic 100×200×9 Жёсткость 2,Матрас Fibrotop Classic
FBCL100-1,A,,Матрас Fibrotop Classic 100×200×9 Жёсткость 1,"Устройство медицинское DETENSOR для пассивной разгрузки позвоночника в лежачем положении с силой вытяжения 5% от массы тела. Тип 2. Размер 100*200*9, Жесткость 1",,Матрас Fibrotop Classic 100×200×9 Жёсткость 1,Матрас Fibrotop Classic
FBCL100-3,A,да,Матрас Fibrotop Classic 100×200×9 Жёсткость 3,Матрас Fibrotop Classic 100×200×9 Жёсткость 3,,,Товары интернет-магазинов/(Розница) Заказ с сайта
FBCL100-3,A,,Матрас Fibrotop Classic 100×200×9 Жёсткость 3,"Устройство медицинское DETENSOR для пассивной разгрузки позвоночника в лежачем положении с силой вытяжения 5% от массы тела. Тип 2. Размер 100*200*9, Жесткость 3",,Матрас Fibrotop Classic 100×200×9 Жёсткость 3,Матрас Fibrotop Classic
FBCL120,A,,Матрас Fibrotop Classic 120×200×9 Жёсткость 2,"Устройство медицинское DETENSOR для пассивной разгрузки позвоночника в лежачем положении с силой вытяжения 5% от массы тела. Тип 2. Размер 120*200*9, Жесткость 2",,Матрас Fibrotop Classic 120×200×9 Жёсткость 2,Матрас Fibrotop Classic
FBCL120,A,да,Матрас Fibrotop Classic 120×200×9 Жёсткость 2,Матрас Fibrotop Classic 120×200×9 Жёсткость 2,,,Товары интернет-магазинов/Заказ с сайта (ИМ)
FBCL140,A,,Матрас Fibrotop Classic 140×200×9 Жёсткость 2,Устройство медицинское DETENSOR для пассивной разгрузки позвоночника в лежачем положении с силой вытяжения 5% от массы тела. Тип 2. Размер 140*200*9,,Матрас Fibrotop Classic 140×200×9 Жёсткость 2,Матрас Fibrotop Classic
FBCL140-3,A,да,Матрас Fibrotop Classic 140×200×9 Жёсткость 3,Матрас Fibrotop Classic 140×200×9 Жёсткость 3,,,Товары интернет-магазинов/(Розница) Заказ с сайта
FBCL160,A,,Матрас Fibrotop Classic 160×200×9 Жёсткость 2,Устройство медицинское DETENSOR для пассивной разгрузки позвоночника в лежачем положении с силой вытяжения 5% от массы тела. Тип 2. Размер 160*200*9,,Матрас Fibrotop Classic 160×200×9 Жёсткость 2,Матрас Fibrotop Classic
FBCL180,A,,Матрас Fibrotop Classic 180×200×9 Жёсткость 2,Устройство медицинское DETENSOR для пассивной разгрузки позвоночника в лежачем положении с силой вытяжения 5% от массы тела. Тип 2. Размер 180*200*9,,Матрас Fibrotop Classic 180×200×9 Жёсткость 2,Матрас Fibrotop Classic
FBCL200,A,,Матрас Fibrotop Classic 200×200×9 Жёсткость 2,Устройство медицинское DETENSOR для пассивной разгрузки позвоночника в лежачем положении с силой вытяжения 5% от массы тела. Тип 2. Размер 200*200*9,,Матрас Fibrotop Classic 200×200×9 Жёсткость 2,Матрас Fibrotop Classic
FBCL80,A,,Матрас Fibrotop Classic 80×200×9 Жёсткость 2,"Устройство медицинское DETENSOR для пассивной разгрузки позвоночника в лежачем положении с силой вытяжения 5% от массы тела. Тип 2. Размер 80*200*9, жесткость 2",,Матрас Fibrotop Classic 80×200×9 Жёсткость 2,Матрас Fibrotop Classic
FBCL80-1,A,,Матрас Fibrotop Classic 80×200×9 Жёсткость 1,"Устройство медицинское DETENSOR для пассивной разгрузки позвоночника в лежачем положении с силой вытяжения 5% от массы тела. Тип 2. Размер 80*200*9, жесткость 1",,Матрас Fibrotop Classic 80×200×9 Жёсткость 1,Матрас Fibrotop Classic
FBCL80-3,A,,Матрас Fibrotop Classic 80×200×9 Жёсткость 3,"Устройство медицинское DETENSOR для пассивной разгрузки позвоночника в лежачем положении с силой вытяжения 5% от массы тела. Тип 2. Размер 80*200*9, жесткость 3",,Матрас Fibrotop Classic 80×200×9 Жёсткость 3,Матрас Fibrotop Classic
FBCL80-3,A,да,Матрас Fibrotop Classic 80×200×9 Жёсткость 3,Матрас Fibrotop Classic 80×200×9 Жёсткость 3,,,Товары интернет-магазинов/Заказ сайта (Spine-shop)
FBCL90,A,,Матрас Fibrotop Classic 90×200×9 Жёсткость 2,"Устройство медицинское DETENSOR для пассивной разгрузки позвоночника в лежачем положении с силой вытяжения 5% от массы тела. Тип 2. Размер 90*200*9, Жесткость 2",,Матрас Fibrotop Classic 90×200×9 Жёсткость 2,Матрас Fibrotop Classic
FBCL90-1,A,,Матрас Fibrotop Classic 90×200×9 Жёсткость 1,"Устройство медицинское DETENSOR для пассивной разгрузки позвоночника в лежачем положении с силой вытяжения 5% от массы тела. Тип 2. Размер 90*200*9, Жесткость 1",,Матрас Fibrotop Classic 90×200×9 Жёсткость 1,Матрас Fibrotop Classic
FBCL90-3,A,,Матрас Fibrotop Classic 90×200×9 Жёсткость 3,"Устройство медицинское DETENSOR для пассивной разгрузки позвоночника в лежачем положении с силой вытяжения 5% от массы тела. Тип 2. Размер 90*200*9, Жесткость 3",,Матрас Fibrotop Classic 90×200×9 Жёсткость 3,Матрас Fibrotop Classic
FBCL90-3,A,да,Матрас Fibrotop Classic 90×200×9 Жёсткость 3,Матрас Fibrotop Classic 90×200×9 Жёсткость 3,,,Товары интернет-магазинов/Заказ с сайта (ИМ)
FBM100,A,,Матрас Fibrotop Max 100×200×18,Устройство медицинское DETENSOR для пассивной разгрузки позвоночника в лежачем положении с силой вытяжения 5% от массы тела. Тип 1. Размер 100*200*18,,Матрас Fibrotop Max 100×200×18,Ночной матрас Fibrotop Max
FBM120,A,,Матрас Fibrotop Max 120×200×18,Устройство медицинское DETENSOR для пассивной разгрузки позвоночника в лежачем положении с силой вытяжения 5% от массы тела. Тип 1. Размер 120*200*18,,Матрас Fibrotop Max 120×200×18,Ночной матрас Fibrotop Max
FBM140,A,,Матрас Fibrotop Max 140×200×18,Устройство медицинское DETENSOR для пассивной разгрузки позвоночника в лежачем положении с силой вытяжения 5% от массы тела. Тип 1. Размер 140*200*18,,Матрас Fibrotop Max 140×200×18,Ночной матрас Fibrotop Max
FBM160,A,,Матрас Fibrotop Max 160×200×18,Устройство медицинское DETENSOR для пассивной разгрузки позвоночника в лежачем положении с силой вытяжения 5% от массы тела. Тип 1. Размер 160*200*18,,Матрас Fibrotop Max 160×200×18,Ночной матрас Fibrotop Max
FBM180,A,,Матрас Fibrotop Max 180×200×18,Устройство медицинское DETENSOR для пассивной разгрузки позвоночника в лежачем положении с силой вытяжения 5% от массы тела. Тип 1. Размер 180*200*18,,Матрас Fibrotop Max 180×200×18,Ночной матрас Fibrotop Max
FBM200,A,,Матрас Fibrotop Max 200×200×18,Устройство медицинское DETENSOR для пассивной разгрузки позвоночника в лежачем положении с силой вытяжения 5% от массы тела. Тип 1. Размер 200*200*18,,Матрас Fibrotop Max 200×200×18,Ночной матрас Fibrotop Max
FBM80,A,,Матрас Fibrotop Max 80×200×18,Устройство медицинское DETENSOR для пассивной разгрузки позвоночника в лежачем положении с силой вытяжения 5% от массы тела. Тип 1. Размер 80*200*18,,Матрас Fibrotop Max 80×200×18,Ночной матрас Fibrotop Max
FBM90,A,,Матрас Fibrotop Max 90×200×18,Устройство медицинское DETENSOR для пассивной разгрузки позвоночника в лежачем положении с силой вытяжения 5% от массы тела. Тип 1. Размер 90*200*18,,Матрас Fibrotop Max 90×200×18,Ночной матрас Fibrotop Max
FCSBB,A,,Шейная опора Детензор BABY-BOY,Опора шейная функциональная DETENSOR (тип 4) цвет белый-голубой,,Шейная опора Детензор BABY-BOY,Шейная опора
FCSBG,A,,Шейная опора Детензор BABY-GIRL,Опора шейная функциональная DETENSOR (тип 3) цвет белый-розовый,,Шейная опора Детензор BABY-GIRL,Шейная опора
FCST1,A,,Шейная опора Детензор Тип 1 (18×7×40),Опора шейная функциональная DETENSOR (тип 1) Размер 18*7*40,,Шейная опора Детензор Тип 1 (18×7×40),Шейная опора
FCST2,A,,Шейная опора Детензор Тип 2 (14×6×35),Опора шейная функциональная DETENSOR (тип 2) Размер 14*6*35,,Шейная опора Детензор Тип 2 (14×6×35),Шейная опора
FMAX.ORDER,A,,Матрас Fibrotop Max (под заказ),Ночной матрас FIBROTOP MAX (под заказ),,Матрас Fibrotop Max (под заказ),Ночной матрас Fibrotop Max
HDMALL,A,,Гигиенические чехлы (комплект к мату Детензор),Комплект гигиенических чехлов мат Детензор,,Гигиенические чехлы (комплект к мату Детензор),Гигиенический чехол
HDMFALL,A,,Фабричные чехлы (комплект к мату Детензор),Комплект фабричных чехлов Детензор,,Фабричные чехлы (комплект к мату Детензор),Гигиенический чехол
HFBCL100,A,,Простынь на матрас Fibrotop Classic 100×200×9,Простынь на матрас FIBROTOP Classic 100*200*9,,Простынь на матрас Fibrotop Classic 100×200×9,Простынь на матрас Fibrotop Classic
HFBCL120,A,,Простынь на матрас Fibrotop Classic 120×200×9,Простынь на матрас FIBROTOP Classic 120*200*9,,Простынь на матрас Fibrotop Classic 120×200×9,Простынь на матрас Fibrotop Classic
HFBCL140,A,,Простынь на матрас Fibrotop Classic 140×200×9,Простынь на матрас FIBROTOP Classic 140*200*9,,Простынь на матрас Fibrotop Classic 140×200×9,Простынь на матрас Fibrotop Classic
HFBCL160,A,,Простынь на матрас Fibrotop Classic 160×200×9,Простынь на матрас FIBROTOP Classic 160*200*9,,Простынь на матрас Fibrotop Classic 160×200×9,Простынь на матрас Fibrotop Classic
HFBCL180,A,,Простынь на матрас Fibrotop Classic 180×200×9,Простынь на матрас FIBROTOP Classic 180*200*9,,Простынь на матрас Fibrotop Classic 180×200×9,Простынь на матрас Fibrotop Classic
HFBCL200,A,,Простынь на матрас Fibrotop Classic 200×200×9,Простынь на матрас FIBROTOP Classic 200*200*9,,Простынь на матрас Fibrotop Classic 200×200×9,Простынь на матрас Fibrotop Classic
HFBCL80,A,,Простынь на матрас Fibrotop Classic 80×200×9,Простынь на матрас FIBROTOP Classic 80*200*9,,Простынь на матрас Fibrotop Classic 80×200×9,Простынь на матрас Fibrotop Classic
HFBCL90,A,,Простынь на матрас Fibrotop Classic 90×200×9,Простынь на матрас FIBROTOP Classic 90*200*9,,Простынь на матрас Fibrotop Classic 90×200×9,Простынь на матрас Fibrotop Classic
HFBM100,A,,Простынь на матрас Fibrotop Max 100×200×18,Простынь на матрас FIBROTOP MAX  100*200*18,,Простынь на матрас Fibrotop Max 100×200×18,Простынь на матрас Fibrotop Max
HFBM120,A,,Простынь на матрас Fibrotop Max 120×200×18,Простынь на матрас FIBROTOP MAX  120*200*18,,Простынь на матрас Fibrotop Max 120×200×18,Простынь на матрас Fibrotop Max
HFBM140,A,,Простынь на матрас Fibrotop Max 140×200×18,Простынь на матрас FIBROTOP MAX  140*200*18,,Простынь на матрас Fibrotop Max 140×200×18,Простынь на матрас Fibrotop Max
HFBM160,A,,Простынь на матрас Fibrotop Max 160×200×18,Простынь на матрас FIBROTOP MAX  160*200*18,,Простынь на матрас Fibrotop Max 160×200×18,Простынь на матрас Fibrotop Max
HFBM180,A,,Простынь на матрас Fibrotop Max 180×200×18,Простынь на матрас FIBROTOP MAX  180*200*18,,Простынь на матрас Fibrotop Max 180×200×18,Простынь на матрас Fibrotop Max
HFBM200,A,,Простынь на матрас Fibrotop Max 200×200×18,Простынь на матрас FIBROTOP MAX 200*200*18,,Простынь на матрас Fibrotop Max 200×200×18,Простынь на матрас Fibrotop Max
HFBM80,A,,Простынь на матрас Fibrotop Max 80×200×18,Простынь на матрас FIBROTOP MAX 80*200*18,,Простынь на матрас Fibrotop Max 80×200×18,Простынь на матрас Fibrotop Max
HFBM90,A,,Простынь на матрас Fibrotop Max 90×200×18,Простынь на матрас FIBROTOP MAX  90*200*18,,Простынь на матрас Fibrotop Max 90×200×18,Простынь на матрас Fibrotop Max
HFCST1,A,,Гигиенический чехол. Шейная опора Тип 1,Гигиенический чехол на шейный полувалик (Тип 1) цвет Голубой,,Гигиенический чехол. Шейная опора Тип 1,Гигиенический чехол
HFCST2,A,,Гигиенический чехол. Шейная опора Тип 2,Гигиенический чехол на шейный полувалик (Тип 2) цвет Голубой,,Гигиенический чехол. Шейная опора Тип 2,Гигиенический чехол
HYGIENE.BACK,A,,Гигиенический чехол Детензор-HYGIENE для подспинной части,Гигиенический чехол «Детензор - HYGIENE» для подспинной части,,Гигиенический чехол Детензор-HYGIENE для подспинной части,Гигиенический чехол
L400PV,A,,Корректор поясничного отдела Lumbus L400PV,Корректор поясничного отдела «Lumbus»,,Корректор поясничного отдела Lumbus L400PV,Корректор Осанки
NS405010,A,,Подушка для ночного сна Детензор 40×50×10 см,Подушка для ночного сна DETENSOR (40х50х10 см),,Подушка для ночного сна Детензор 40×50×10 см,Подушка для ночного сна
NS405012,A,,Подушка для ночного сна Детензор 40×50×12 см,Подушка для ночного сна DETENSOR (40х50х12 см),,Подушка для ночного сна Детензор 40×50×12 см,Подушка для ночного сна
NS405014,A,,Подушка для ночного сна Детензор 40×50×14 см,Подушка для ночного сна DETENSOR (40х50х14 см),,Подушка для ночного сна Детензор 40×50×14 см,Подушка для ночного сна
SILK-B,A,,Шёлковая маска для сна (чёрная),Шелковая маска для сна черного цвета,,Шёлковая маска для сна (чёрная),Аксессуары
SILK-G,A,,Шёлковая маска для сна (серая),Шелковая маска для сна серого цвета,,Шёлковая маска для сна (серая),Аксессуары
SILK-P,A,,Шёлковая маска для сна (розовая),Шелковая маска для сна цвета пыльная роза,,Шёлковая маска для сна (розовая),Аксессуары
SILK-R,A,,Шёлковая маска для сна (красная),Шелковая маска для сна цвет алый,,Шёлковая маска для сна (красная),Аксессуары
SIM160-B,A,,Тренажёр сенсомоторный Simprove 160 (чёрный),Тренажер сенсомоторный Simprove 160 (черный),,Тренажёр сенсомоторный Simprove 160 (чёрный),Симпрувы
SIM160-BL,A,,Тренажёр сенсомоторный Simprove 160 (синий),Тренажер сенсомоторный Simprove 160 (синий),,Тренажёр сенсомоторный Simprove 160 (синий),Симпрувы
SIM160-O,A,,Тренажёр сенсомоторный Simprove 160 (оранжевый),Тренажер сенсомоторный Simprove 160 (оранжевый),,Тренажёр сенсомоторный Simprove 160 (оранжевый),Симпрувы
SIM160-R,A,,Тренажёр сенсомоторный Simprove 160 (красный),Тренажер сенсомоторный Simprove 160 (красный),,Тренажёр сенсомоторный Simprove 160 (красный),Симпрувы
simproveplate,A,,Тренажёр сенсомоторный Simprove Plate,Тренажер для тренировки координации движений и устойчивости SIMPROVE PLATE,,Тренажёр сенсомоторный Simprove Plate,Симпрувы
stelki,A,,Индивидуальные стельки,Индивидуальные стельки,,Индивидуальные стельки,Прочее
NIGHT.COVER10,B,,Чехол для ночной подушки высота 10 см,Чехол для ночной подушки высота 10 см,,Чехол для ночной подушки высота 10 см,Подушка для ночного сна
NIGHT.COVER12,B,,Чехол для ночной подушки высота 12 см,Чехол для ночной подушки высота 12 см,,Чехол для ночной подушки высота 12 см,Подушка для ночного сна
NIGHT.COVER14,B,,Чехол для ночной подушки высота 14 см,Чехол для ночной подушки высота 14 см,,Чехол для ночной подушки высота 14 см,Подушка для ночного сна
NIGHT.INSIDE10,B,,Наволочка на ночную подушку 10 см,Наволочка на ночную подушку 10 см,,Наволочка на ночную подушку 10 см,Подушка для ночного сна
NIGHT.INSIDE10,B,,Наволочка на ночную подушку 14 см,Наволочка на ночную подушку 14 см,,Наволочка на ночную подушку 14 см,Подушка для ночного сна
NIGHT.INSIDE12,B,,Наволочка на ночную подушку 12 см,Наволочка на ночную подушку 12 см,,Наволочка на ночную подушку 12 см,Подушка для ночного сна
